Title,Link,Description,Type,Download,Card,File_name
Agencias de viajes,https://www.banxico.org.mx/servicios/tasas-de-descuento-para-tarjetas-de-credito-por-gi/%7B2975FA8C-1993-0703-8F9D-66B867693FDA%7D.pdf,Agencias de viajes. Agencias de viajes. Tasas de descuento por giro de negocio. Tasas de descuento por giro de negocio Afirme 2.25% 1.60% 3.90% 0.33% 2.40% Fiserv (5) 2.39% 1.82% 2.75% 0.26% 2.58% Espiral (9) 3.21% 2.99% 3.50% 0.26% 2.99% 1 .........1 EVO Méxi......,pdf,1,Credito,Descuento Credito Agencias de viajes.pdf
Agencias de viajes,https://www.banxico.org.mx/servicios/tasas-de-descuento-para-tarjetas-de-debito-por-gir/%7BA889264D-B34C-E953-65FE-54A4323E4768%7D.pdf,Agencias de viajes. Agencias de viajes. Tasas de descuento por giro de negocio. Tasas de descuento por giro de negocio Autofin 1.71% 1.40% 2.00% 0.25% 1.40% Bzpay (5) 2.11% 1.73% 2.40% 0.30% 2.40% Velpay (9) 2.80% 2.80% 2.80% - 2.80% Clip (17) 3.6......,pdf,1,Debito,Descuento Debito Agencias de viajes.pdf
Agregadores,https://www.banxico.org.mx/servicios/tasas-de-descuento-para-tarjetas-de-credito-por-gi/%7B324F271D-A32B-DF00-D7B8-C76A0F7A068D%7D.pdf,Agregadores. Agregadores. Tasas de descuento por giro de negocio. Tasas de descuento por giro de negocio Bzpay (4) 2.48% 1.29% 3.35% 0.37% 2.50% OEL (11) 2.99% 1.90% 3.70% 0.47% 3.60% PayU Digicuenta (18) 3.47% 1.80% 3.50% 0.16% 3.50% 5 Velpay permite aceptar p......,pdf,1,Credito,Descuento Credito Agregadores.pdf
Agregadores,https://www.banxico.org.mx/servicios/tasas-de-descuento-para-tarjetas-de-debito-por-gir/%7B26C0F4CD-F244-5486-EFD5-E0B212ACF2D3%7D.pdf,Agregadores. Agregadores. Tasas de descuento por giro de negocio. Tasas de descuento por giro de negocio Bzpay (4) 2.22% 1.15% 3.30% 0.47% 1.80% EMS (11) 2.92% 1.20% 3.95% 0.80% 3.95% Espiral (18) 3.24% 2.99% 3.50% 0.26% 2.99% 5 Velpay permite aceptar pago......,pdf,1,Debito,Descuento Debito Agregadores.pdf
Aseguradoras,https://www.banxico.org.mx/servicios/tasas-de-descuento-para-tarjetas-de-credito-por-gi/%7BAB20322C-A9B2-477F-4FC9-D9D74E227242%7D.pdf,Aseguradoras. Aseguradoras. Tasas de descuento por giro de negocio. Tasas de descuento por giro de negocio Autofin 1.93% 1.80% 2.00% 0.12% 2.00% Bajío 2.10% 1.60% 3.50% 0.51% 1.90% Mercado Pago (5) 3.21% 1.82% 3.50% 0.31% 2.99% Stripe (11) 3.59% 2.60%......,pdf,1,Credito,Descuento Credito Aseguradoras.pdf
Aseguradoras,https://www.banxico.org.mx/servicios/tasas-de-descuento-para-tarjetas-de-debito-por-gir/%7B327DD3A5-D1C5-F3B1-F5B6-49318EFBB89A%7D.pdf,Aseguradoras. Aseguradoras. Tasas de descuento por giro de negocio. Tasas de descuento por giro de negocio Mifel 1.56% 1.50% 2.50% 0.22% 1.50% Fiserv (3) 1.84% 1.60% 3.00% 0.34% 1.60% Dlocal (5) 3.20% 3.20% 3.20% - 3.20% Stripe (11) 3.59% 2.60% 3.......,pdf,1,Debito,Descuento Debito Aseguradoras.pdf
Beneficencia,https://www.banxico.org.mx/servicios/tasas-de-descuento-para-tarjetas-de-credito-por-gi/%7BA593F220-CFD2-F7AF-D702-E4AB8CDF8806%7D.pdf,Beneficencia. Beneficencia. Tasas de descuento por giro de negocio. Tasas de descuento por giro de negocio Multiva - - - - - Mifel 1.00% - 2.80% 0.92% 1.85% Velpay (5) 3.00% 3.00% 3.00% - 3.00% Clip (11) ......,pdf,1,Credito,Descuento Credito Beneficencia.pdf
Beneficencia,https://www.banxico.org.mx/servicios/tasas-de-descuento-para-tarjetas-de-debito-por-gir/%7BD8DC6624-D11A-A401-524A-271D0480A424%7D.pdf,Beneficencia. Beneficencia. Tasas de descuento por giro de negocio. Tasas de descuento por giro de negocio Multiva - - - - - Mifel 1.12% - 2.50% 0.91% 1.85% Velpay (5) 3.00% 3.00% 3.00% - 3.00% Clip (11) ......,pdf,1,Debito,Descuento Debito Beneficencia.pdf
Colegios y universidades,https://www.banxico.org.mx/servicios/tasas-de-descuento-para-tarjetas-de-credito-por-gi/%7BB695A75F-C323-1198-94D4-DEBB4F8DF086%7D.pdf,Colegios y universidades. Colegios y universidades. Tasas de descuento por giro de negocio. Tasas de descuento por giro de negocio Inbursa 1.71% 1.21% 1.80% 0.14% 1.80% Getnet (2) 2.04% 1.25% 3.50% 0.27% 1.85% Paypal (6) 3.01% 1.97% 3.65% 0.81% 3.42% Clip (......,pdf,1,Credito,Descuento Credito Colegios y universidades.pdf
Colegios y universidades,https://www.banxico.org.mx/servicios/tasas-de-descuento-para-tarjetas-de-debito-por-gir/%7BF210657E-06FE-1820-FB96-A24FEE720DDA%7D.pdf,Colegios y universidades. Colegios y universidades. Tasas de descuento por giro de negocio. Tasas de descuento por giro de negocio BBVA Bancomer 1.28% 0.75% 1.35% 0.13% 1.35% Banregio 1.58% 0.85% 2.76% 0.59% 2.15% Paypal (6) 3.01% 1.97% 3.65% 0.81% 3.42% Clip ......,pdf,1,Debito,Descuento Debito Colegios y universidades.pdf
Comida rápida,https://www.banxico.org.mx/servicios/tasas-de-descuento-para-tarjetas-de-credito-por-gi/%7B746E1214-1599-1492-182B-CABCB9A70FB1%7D.pdf,Comida rápida. Comida rápida. Tasas de descuento por giro de negocio. Tasas de descuento por giro de negocio Adyen (1) 2.07% 2.00% 2.15% 0.08% 2.00% Bansí 2.25% 2.20% 2.50% 0.12% 2.20% OEL (9) 2.99% 1.90% 3.60% 0.53% 3.60% Clip (17) 3.60% 2.00......,pdf,1,Credito,Descuento Credito Comida rápida.pdf
Comida rápida,https://www.banxico.org.mx/servicios/tasas-de-descuento-para-tarjetas-de-debito-por-gir/%7BD199305D-E019-C0B8-24C1-504641B298D1%7D.pdf,Comida rápida. Comida rápida. Tasas de descuento por giro de negocio. Tasas de descuento por giro de negocio Banregio 1.54% 0.76% 2.90% 0.60% 2.40% Intercam Banco 1.81% 1.00% 2.50% 0.43% 1.45% OEL (9) 2.95% 1.50% 3.60% 0.61% 3.60% Stripe (17) 3.60% 3......,pdf,1,Debito,Descuento Debito Comida rápida.pdf
Educación básica,https://www.banxico.org.mx/servicios/tasas-de-descuento-para-tarjetas-de-credito-por-gi/%7B8C5F1B31-63B6-A131-EB0C-69F873EE0205%7D.pdf,Educación básica. Educación básica. Tasas de descuento por giro de negocio. Tasas de descuento por giro de negocio Afirme 1.30% - 1.70% 0.48% 1.70% Bzpay (3) 2.16% 1.29% 3.30% 0.53% 2.20% Espiral (7) 3.28% 2.99% 3.50% 0.27% 3.50% Clip (14) 3.60......,pdf,1,Credito,Descuento Credito Educación básica.pdf
Educación básica,https://www.banxico.org.mx/servicios/tasas-de-descuento-para-tarjetas-de-debito-por-gir/%7BDD0A3FF6-B9DB-7493-A2D8-D5972B65FBDD%7D.pdf,Educación básica. Educación básica. Tasas de descuento por giro de negocio. Tasas de descuento por giro de negocio EVO (1) 1.33% 1.15% 2.50% 0.09% 1.30% Azteca 2.32% 1.80% 2.50% 0.26% 2.50% Paypal (10) 3.50% 1.92% 3.65% 0.07% 3.50% 5 EBANX ofrece plata......,pdf,1,Debito,Descuento Debito Educación básica.pdf
Entretenimiento,https://www.banxico.org.mx/servicios/tasas-de-descuento-para-tarjetas-de-credito-por-gi/%7B17D8F87C-91F5-1A8E-FAAC-3922FADD801F%7D.pdf,Entretenimiento. Entretenimiento. Tasas de descuento por giro de negocio. Tasas de descuento por giro de negocio Afirme 1.96% 1.19% 3.90% 0.40% 2.40% Fiserv (5) 2.28% 1.78% 3.00% 0.30% 2.50% Pago Fácil (12) 3.39% 3.00% 3.50% 0.22% 3.50% 3 EVO México ofrec......,pdf,1,Credito,Descuento Credito Entretenimiento.pdf
Entretenimiento,https://www.banxico.org.mx/servicios/tasas-de-descuento-para-tarjetas-de-debito-por-gir/%7B1C255DEB-7E36-6B9C-C1C1-69F94D1BADF0%7D.pdf,Entretenimiento. Entretenimiento. Tasas de descuento por giro de negocio. Tasas de descuento por giro de negocio Afirme 1.58% 1.10% 3.15% 0.35% 1.80% Azteca 2.06% 1.38% 2.50% 0.41% 1.60% Pago Fácil (12) 3.39% 3.00% 3.50% 0.22% 3.50% 6 Bzpay acepta pagos c......,pdf,1,Debito,Descuento Debito Entretenimiento.pdf
Estacionamientos,https://www.banxico.org.mx/servicios/tasas-de-descuento-para-tarjetas-de-credito-por-gi/%7B66059E51-BA8F-AD18-0827-29BF44473289%7D.pdf,Estacionamientos. Estacionamientos. Tasas de descuento por giro de negocio. Tasas de descuento por giro de negocio BBVA Bancomer 1.85% 1.35% 1.92% 0.17% 1.92% Inbursa 2.02% 1.57% 2.20% 0.26% 2.20% Azteca 2.50% 2.50% 2.50% - 2.50% Stripe (8) 3.60% 3.6......,pdf,1,Credito,Descuento Credito Estacionamientos.pdf
Estacionamientos,https://www.banxico.org.mx/servicios/tasas-de-descuento-para-tarjetas-de-debito-por-gir/%7B3619A4AB-3013-9416-044F-67C1AB8D0C81%7D.pdf,Estacionamientos. Estacionamientos. Tasas de descuento por giro de negocio. Tasas de descuento por giro de negocio Multiva 1.46% 1.20% 1.95% 0.25% 1.35% Banorte 1.78% 1.30% 2.70% 0.29% 1.95% Bajío 2.39% 1.35% 3.40% 0.47% 2.40% Stripe (8) 3.60% 3.6......,pdf,1,Debito,Descuento Debito Estacionamientos.pdf
Farmacias,https://www.banxico.org.mx/servicios/tasas-de-descuento-para-tarjetas-de-credito-por-gi/%7B86A74746-A609-00A4-C589-03280FBE8662%7D.pdf,Farmacias. Farmacias. Tasas de descuento por giro de negocio. Tasas de descuento por giro de negocio Banregio 1.95% 1.32% 2.62% 0.50% 2.62% EVO (3) 2.24% 1.78% 3.00% 0.18% 2.23% Velpay (7) 3.00% 3.00% 3.00% - 3.00% Stripe (14) 3.60% 3.60% 3.60% ......,pdf,1,Credito,Descuento Credito Farmacias.pdf
Farmacias,https://www.banxico.org.mx/servicios/tasas-de-descuento-para-tarjetas-de-debito-por-gir/%7B6A383634-B849-5A5E-DEFD-AD210FD83564%7D.pdf,Farmacias. Farmacias. Tasas de descuento por giro de negocio. Tasas de descuento por giro de negocio Multiva 1.58% 1.20% 2.02% 0.28% 1.35% Autofin 1.85% 1.50% 2.30% 0.36% 1.60% Pago Fácil (7) 2.90% 2.90% 2.90% - 2.90% Stripe (14) 3.60% 3.60% 3.6......,pdf,1,Debito,Descuento Debito Farmacias.pdf
Gasolineras,https://www.banxico.org.mx/servicios/tasas-de-descuento-para-tarjetas-de-credito-por-gi/%7B0FAE359C-D24E-4005-B699-51F36E992502%7D.pdf,Gasolineras. Gasolineras. Tasas de descuento por giro de negocio. Tasas de descuento por giro de negocio Mifel 1.21% 1.00% 2.50% 0.25% 1.00% Banregio 1.41% 1.00% 2.30% 0.45% 1.10% Azteca 2.15% 1.25% 2.50% 0.42% 2.50% 1 Fiserv ofrece servicios de pago mu......,pdf,1,Credito,Descuento Credito Gasolineras.pdf
Gasolineras,https://www.banxico.org.mx/servicios/tasas-de-descuento-para-tarjetas-de-debito-por-gir/%7B04E01361-2FE3-8D17-C390-1079CEB5A9D1%7D.pdf,Gasolineras. Gasolineras. Tasas de descuento por giro de negocio. Tasas de descuento por giro de negocio BBVA Bancomer 0.77% 0.45% 0.80% 0.06% 0.80% Bajío 1.03% 0.50% 3.80% 0.51% 0.55% Azteca 1.87% 0.90% 2.50% 0.57% 2.50% 1 EVO México ofrece servicios de ......,pdf,1,Debito,Descuento Debito Gasolineras.pdf
Gobierno,https://www.banxico.org.mx/servicios/tasas-de-descuento-para-tarjetas-de-credito-por-gi/%7B2837C285-2C9C-3161-331D-54F6D643B40A%7D.pdf,Gobierno. Gobierno. Tasas de descuento por giro de negocio. Tasas de descuento por giro de negocio Banorte 1.54% 1.03% 2.25% 0.27% 1.28% Getnet (2) 1.99% 1.16% 3.50% 0.28% 1.76% Velpay (6) 3.00% 3.00% 3.00% - 3.00% 1 .........1 EVO México ofrece servicios de p......,pdf,1,Credito,Descuento Credito Gobierno.pdf
Gobierno,https://www.banxico.org.mx/servicios/tasas-de-descuento-para-tarjetas-de-debito-por-gir/%7BD052CA5D-4DCB-486A-F589-A5CB63B8B7AB%7D.pdf,Gobierno. Gobierno. Tasas de descuento por giro de negocio. Tasas de descuento por giro de negocio Banorte 1.15% 0.75% 1.95% 0.26% 1.01% Getnet (2) 1.34% 1.15% 3.50% 0.22% 1.21% Velpay (6) 3.00% 3.00% 3.00% - 3.00% 1 .........1 EVO México ofrece servicios de p......,pdf,1,Debito,Descuento Debito Gobierno.pdf
Hospitales,https://www.banxico.org.mx/servicios/tasas-de-descuento-para-tarjetas-de-credito-por-gi/%7B81B8ED7B-2442-87F5-1627-303A182B7006%7D.pdf,Hospitales. Hospitales. Tasas de descuento por giro de negocio. Tasas de descuento por giro de negocio Banjército 1.94% 1.80% 2.00% 0.09% 2.00% Multiva 2.11% 1.60% 2.97% 0.36% 1.95% Inbursa 2.31% 1.59% 2.44% 0.22% 2.44% Stripe (8) 3.60% 3.60% 3.60%......,pdf,1,Credito,Descuento Credito Hospitales.pdf
Hospitales,https://www.banxico.org.mx/servicios/tasas-de-descuento-para-tarjetas-de-debito-por-gir/%7B1A32F370-220D-9D27-3DA4-C082A3FA0676%7D.pdf,Hospitales. Hospitales. Tasas de descuento por giro de negocio. Tasas de descuento por giro de negocio Multiva 1.60% 1.15% 2.17% 0.31% 1.35% Bansí 1.73% 1.25% 2.50% 0.60% 1.25% Fiserv (4) 1.98% 1.22% 3.00% 0.37% 2.11% Stripe (8) 3.60% 3.60% 3.60% ......,pdf,1,Debito,Descuento Debito Hospitales.pdf
Hoteles,https://www.banxico.org.mx/servicios/tasas-de-descuento-para-tarjetas-de-credito-por-gi/%7B4B7FCB63-8D2C-F86D-578D-130144A51CD5%7D.pdf,Hoteles. Hoteles. Tasas de descuento por giro de negocio. Tasas de descuento por giro de negocio Banjército 2.09% 1.75% 2.81% 0.42% 1.80% Inbursa 2.34% 1.61% 2.40% 0.13% 2.40% Autofin 2.60% 2.20% 3.01% 0.57% 3.01% Pago Fácil (12) 3.50% 3.50% 3.50% ......,pdf,1,Credito,Descuento Credito Hoteles.pdf
Hoteles,https://www.banxico.org.mx/servicios/tasas-de-descuento-para-tarjetas-de-debito-por-gir/%7B4F09A376-0903-8D32-4483-B65CFF287D49%7D.pdf,Hoteles. Hoteles. Tasas de descuento por giro de negocio. Tasas de descuento por giro de negocio Inbursa 1.66% 1.15% 1.70% 0.08% 1.70% Intercam Banco 1.97% 1.10% 2.50% 0.42% 2.50% EMS (6) 2.37% 2.05% 3.00% 0.55% 2.05% Pago Fácil (12) 3.50% 3.50% 3.50% ......,pdf,1,Debito,Descuento Debito Hoteles.pdf
Misceláneas,https://www.banxico.org.mx/servicios/tasas-de-descuento-para-tarjetas-de-credito-por-gi/%7B9B21A5CD-F936-5380-D5A9-E384076821CD%7D.pdf,Misceláneas. Misceláneas. Tasas de descuento por giro de negocio. Tasas de descuento por giro de negocio Mifel 1.44% - 2.80% 0.77% 2.50% Getnet (3) 2.21% 1.25% 3.50% 0.40% 2.50% EMS (9) 2.96% 1.60% 3.95% 0.73% 3.95% Clip (17) 3.60% 3.00% 3.60......,pdf,1,Credito,Descuento Credito Misceláneas.pdf
Misceláneas,https://www.banxico.org.mx/servicios/tasas-de-descuento-para-tarjetas-de-debito-por-gir/%7BCE998D24-7B96-F2C4-AF17-C29673DC35D2%7D.pdf,Misceláneas. Misceláneas. Tasas de descuento por giro de negocio. Tasas de descuento por giro de negocio Azteca 1.43% - 2.50% 0.64% 1.03% Adyen (6) 2.33% 2.33% 2.33% - 2.33% PayU Digicuenta (13) 3.48% 2.90% 3.50% 0.11% 3.50% 4 Velpay permite aceptar pago......,pdf,1,Debito,Descuento Debito Misceláneas.pdf
Médicos y dentistas,https://www.banxico.org.mx/servicios/tasas-de-descuento-para-tarjetas-de-credito-por-gi/%7B65ECD9B9-3082-E00D-265E-15769D7F7AE7%7D.pdf,Médicos y dentistas. Médicos y dentistas. Tasas de descuento por giro de negocio. Tasas de descuento por giro de negocio Afirme 1.40% 0.49% 1.80% 0.43% 1.70% Inbursa 2.35% - 2.50% 0.23% 2.50% EMS (9) 3.27% 1.99% 3.95% 0.78% 3.95% 1 .........1 EVO México ......,pdf,1,Credito,Descuento Credito Médicos y dentistas.pdf
Médicos y dentistas,https://www.banxico.org.mx/servicios/tasas-de-descuento-para-tarjetas-de-debito-por-gir/%7B70FB1474-355E-4346-7DFD-F8C62F8BD575%7D.pdf,Médicos y dentistas. Médicos y dentistas. Tasas de descuento por giro de negocio. Tasas de descuento por giro de negocio Mifel 1.73% - 2.50% 0.64% 1.95% Bansí 2.39% 1.15% 2.50% 0.38% 2.50% PayU Digicuenta (10) 3.46% 2.40% 3.50% 0.16% 3.50% Clip (16) ......,pdf,1,Debito,Descuento Debito Médicos y dentistas.pdf
Otros,https://www.banxico.org.mx/servicios/tasas-de-descuento-para-tarjetas-de-credito-por-gi/%7B42C49153-FEE1-B155-7486-1816C0D79D30%7D.pdf,Otros. Otros. Tasas de descuento por giro de negocio. Tasas de descuento por giro de negocio Banregio 2.20% 1.53% 2.75% 0.48% 2.75% Inbursa 2.50% 1.53% 2.79% 0.31% 2.79% OEL (12) 3.11% 2.99% 3.50% 0.21% 3.00% 1 .........1 Adyen ofrece una plataforma de pagos e......,pdf,1,Credito,Descuento Credito Otros.pdf
Otros,https://www.banxico.org.mx/servicios/tasas-de-descuento-para-tarjetas-de-debito-por-gir/%7B371099DF-5771-421F-F35E-2B152FCE9AD4%7D.pdf,Otros. Otros. Tasas de descuento por giro de negocio. Tasas de descuento por giro de negocio Autofin 1.91% 1.15% 2.90% 0.49% 1.70% Bzpay (5) 2.31% 1.50% 2.95% 0.38% 2.70% EMS (12) 2.99% 1.55% 3.95% 0.63% 3.95% 1 .........1 EVO México ofrece servicios de pago ......,pdf,1,Debito,Descuento Debito Otros.pdf
Peaje,https://www.banxico.org.mx/servicios/tasas-de-descuento-para-tarjetas-de-credito-por-gi/%7B7A7418FD-CAE3-610D-A49B-0F19CD3A1E5B%7D.pdf,Peaje. Peaje. Tasas de descuento por giro de negocio. Tasas de descuento por giro de negocio Inbursa 1.51% 1.50% 2.45% 0.09% 1.50% Afirme 1.98% 1.30% 2.00% 0.12% 2.00% Bzpay (4) 3.30% 3.30% 3.30% - 3.30% 5 PayU Digicuenta permite aceptar pagos en línea......,pdf,1,Credito,Descuento Credito Peaje.pdf
Peaje,https://www.banxico.org.mx/servicios/tasas-de-descuento-para-tarjetas-de-debito-por-gir/%7B2C62423B-79C1-B927-2F66-C6B744ED8F92%7D.pdf,Peaje. Peaje. Tasas de descuento por giro de negocio. Tasas de descuento por giro de negocio Inbursa 1.25% 1.25% 1.75% 0.04% 1.25% Getnet (2) 1.71% 1.20% 2.35% 0.31% 1.98% Bzpay (4) 2.80% 2.80% 2.80% - 2.80% 5 PayU Digicuenta permite aceptar pagos en lín......,pdf,1,Debito,Descuento Debito Peaje.pdf
Refacciones y ferreterías,https://www.banxico.org.mx/servicios/tasas-de-descuento-para-tarjetas-de-credito-por-gi/%7B795CD529-F01B-3BA0-275A-CBD67E2CDAE0%7D.pdf,Refacciones y ferreterías. Refacciones y ferreterías. Tasas de descuento por giro de negocio. Tasas de descuento por giro de negocio Mifel 1.18% - 2.80% 0.74% 1.10% Fiserv (5) 2.24% 1.78% 3.00% 0.40% 1.80% Mercado Pago (9) 3.22% 1.69% 3.50% 0.30% 2.99% ......,pdf,1,Credito,Descuento Credito Refacciones y ferreterías.pdf
Refacciones y ferreterías,https://www.banxico.org.mx/servicios/tasas-de-descuento-para-tarjetas-de-debito-por-gir/%7B23E75819-6506-48EB-6A59-1E19834AF1A7%7D.pdf,Refacciones y ferreterías. Refacciones y ferreterías. Tasas de descuento por giro de negocio. Tasas de descuento por giro de negocio Bzpay (2) 1.47% 1.15% 2.29% 0.38% 1.19% Bansí 2.50% 2.50% 2.50% - 2.50% PayU Digicuenta (13) 3.45% 2.70% 3.50% 0.16% 3.50......,pdf,1,Debito,Descuento Debito Refacciones y ferreterías.pdf
Renta de autos,https://www.banxico.org.mx/servicios/tasas-de-descuento-para-tarjetas-de-credito-por-gi/%7B9D8EDAFE-F244-30B9-35C4-FD88F42325F9%7D.pdf,Renta de autos. Renta de autos. Tasas de descuento por giro de negocio. Tasas de descuento por giro de negocio Getnet (2) 2.02% 1.63% 3.50% 0.25% 1.80% Banregio 2.26% 1.58% 3.00% 0.58% 3.00% Cyborgbeat (6) 2.80% 2.80% 2.80% - 2.80% Clip(13) 3.60% 2.6......,pdf,1,Credito,Descuento Credito Renta de autos.pdf
Renta de autos,https://www.banxico.org.mx/servicios/tasas-de-descuento-para-tarjetas-de-debito-por-gir/%7B73DB72EB-2764-0D46-1342-E4BDDCD92E7E%7D.pdf,Renta de autos. Renta de autos. Tasas de descuento por giro de negocio. Tasas de descuento por giro de negocio BBVA Bancomer 1.62% 1.10% 1.70% 0.12% 1.70% Banregio 1.96% 1.10% 3.00% 0.53% 2.50% EMS (6) 3.00% 3.00% 3.00% - 3.00% 1 .........1 EVO México ofrece ser......,pdf,1,Debito,Descuento Debito Renta de autos.pdf
Restaurantes,https://www.banxico.org.mx/servicios/tasas-de-descuento-para-tarjetas-de-credito-por-gi/%7B178DFF29-DA8F-E376-78AC-9B52D36C799F%7D.pdf,Restaurantes. Restaurantes. Tasas de descuento por giro de negocio. Tasas de descuento por giro de negocio Getnet (2) 2.21% 1.76% 3.50% 0.32% 2.00% Azteca 2.48% 1.90% 2.60% 0.11% 2.50% Autofin 2.59% 1.76% 3.31% 0.31% 2.60% PayU Digicuenta (16) 3.50% 3.0......,pdf,1,Credito,Descuento Credito Restaurantes.pdf
Restaurantes,https://www.banxico.org.mx/servicios/tasas-de-descuento-para-tarjetas-de-debito-por-gir/%7BD55B5289-0474-B33F-EA53-212B9EDAAE2D%7D.pdf,Restaurantes. Restaurantes. Tasas de descuento por giro de negocio. Tasas de descuento por giro de negocio Multiva 1.78% 1.15% 2.50% 0.32% 1.50% Fiserv (5) 2.17% 1.25% 3.00% 0.28% 2.14% Cyborgbeat (8) 2.50% 2.50% 2.50% - 2.50% PayU Digicuenta (16) 3.50% ......,pdf,1,Debito,Descuento Debito Restaurantes.pdf
Salones de belleza,https://www.banxico.org.mx/servicios/tasas-de-descuento-para-tarjetas-de-credito-por-gi/%7B8509E2D1-19E9-E04F-F0E7-6B6210DF341A%7D.pdf,Salones de belleza. Salones de belleza. Tasas de descuento por giro de negocio. Tasas de descuento por giro de negocio Afirme 1.38% - 1.80% 0.43% 1.70% Adyen (3) 2.26% 2.26% 2.26% - 2.26% Mercado Pago (7) 3.22% 1.69% 3.50% 0.30% 2.99% Stripe (14) 3.6......,pdf,1,Credito,Descuento Credito Salones de belleza.pdf
Salones de belleza,https://www.banxico.org.mx/servicios/tasas-de-descuento-para-tarjetas-de-debito-por-gir/%7B6CFA9F43-B6E6-2382-3781-A545E10A2FE0%7D.pdf,Salones de belleza. Salones de belleza. Tasas de descuento por giro de negocio. Tasas de descuento por giro de negocio Inbursa 1.82% - 1.90% 0.16% 1.90% Azteca 2.24% - 2.50% 0.69% 2.50% Pocket (10) 3.47% 1.24% 3.50% 0.22% 3.50% Clip (16) 3.60% ......,pdf,1,Debito,Descuento Debito Salones de belleza.pdf
Supermercados,https://www.banxico.org.mx/servicios/tasas-de-descuento-para-tarjetas-de-credito-por-gi/%7B71317A73-BF60-CB16-339E-3C0FA28AABB7%7D.pdf,Supermercados. Supermercados. Tasas de descuento por giro de negocio. Tasas de descuento por giro de negocio Multiva 2.08% 1.65% 2.75% 0.42% 2.60% Fiserv (3) 2.31% 1.79% 2.95% 0.45% 1.79% Mercado Pago (8) 3.23% 1.69% 3.50% 0.27% 2.99% Clip(15) 3.60% 2......,pdf,1,Credito,Descuento Credito Supermercados.pdf
Supermercados,https://www.banxico.org.mx/servicios/tasas-de-descuento-para-tarjetas-de-debito-por-gir/%7B8600BB58-B3B2-9296-D673-92519233AA48%7D.pdf,Supermercados. Supermercados. Tasas de descuento por giro de negocio. Tasas de descuento por giro de negocio EVO (1) 1.57% 1.16% 3.46% 0.32% 1.60% Fiserv (3) 1.95% 1.29% 2.95% 0.53% 1.35% Velpay (8) 3.00% 3.00% 3.00% - 3.00% Clip(15) 3.60% 2.40% ......,pdf,1,Debito,Descuento Debito Supermercados.pdf
Telecomunicaciones,https://www.banxico.org.mx/servicios/tasas-de-descuento-para-tarjetas-de-credito-por-gi/%7B3839CF8E-FB8B-FCB4-70BF-EBAA77F0721F%7D.pdf,Telecomunicaciones. Telecomunicaciones. Tasas de descuento por giro de negocio. Tasas de descuento por giro de negocio BBVA Bancomer 1.85% 1.45% 2.26% 0.24% 1.70% Afirme 2.07% 1.95% 2.40% 0.18% 1.95% Multiva 2.80% 2.80% 2.80% - 2.80% OEL (11) 3.50% 3......,pdf,1,Credito,Descuento Credito Telecomunicaciones.pdf
Telecomunicaciones,https://www.banxico.org.mx/servicios/tasas-de-descuento-para-tarjetas-de-debito-por-gir/%7BC94D0334-B3A5-92CB-759E-CB5A8CF1D828%7D.pdf,Telecomunicaciones. Telecomunicaciones. Tasas de descuento por giro de negocio. Tasas de descuento por giro de negocio Banorte 1.39% 1.20% 2.33% 0.26% 1.25% Banregio 1.79% 1.25% 2.70% 0.49% 1.30% Espiral (6) 3.17% 2.99% 3.50% 0.25% 2.99% Pago Fácil (12) ......,pdf,1,Debito,Descuento Debito Telecomunicaciones.pdf
Transporte aéreo,https://www.banxico.org.mx/servicios/tasas-de-descuento-para-tarjetas-de-credito-por-gi/%7BAB43892D-2BD0-BA44-28D1-C11943271E6F%7D.pdf,Transporte aéreo. Transporte aéreo. Tasas de descuento por giro de negocio. Tasas de descuento por giro de negocio Banorte 1.93% 1.53% 2.21% 0.17% 1.90% Afirme 2.22% 1.60% 2.40% 0.31% 2.40% Fiserv (5) 2.77% 2.73% 2.83% 0.05% 2.73% Pago Fácil (11) ......,pdf,1,Credito,Descuento Credito Transporte aéreo.pdf
Transporte aéreo,https://www.banxico.org.mx/servicios/tasas-de-descuento-para-tarjetas-de-debito-por-gir/%7B0D3E37F8-1254-E3E1-0618-2ED6FE5CC9A8%7D.pdf,Transporte aéreo. Transporte aéreo. Tasas de descuento por giro de negocio. Tasas de descuento por giro de negocio Intercam Banco 1.20% 1.20% 1.20% - 1.20% Afirme 1.85% 1.30% 2.30% 0.24% 1.80% Azteca 2.48% 2.40% 2.50% 0.05% 2.50% Pago Fácil (11) 3.......,pdf,1,Debito,Descuento Debito Transporte aéreo.pdf
Ventas al detalle (Retail),https://www.banxico.org.mx/servicios/tasas-de-descuento-para-tarjetas-de-credito-por-gi/%7BD575E958-882F-0E56-1C88-43E617867602%7D.pdf,Ventas al detalle (Retail). Ventas al detalle (Retail). Tasas de descuento por giro de negocio. Tasas de descuento por giro de negocio Banorte 2.22% 1.53% 2.98% 0.34% 2.13% Autofin 2.41% 1.53% 3.14% 0.31% 2.10% EMS (12) 3.00% 1.60% 3.95% 0.72% 3.95% 1 .........,pdf,1,Credito,Descuento Credito Ventas al detalle (Retail).pdf
Ventas al detalle (Retail),https://www.banxico.org.mx/servicios/tasas-de-descuento-para-tarjetas-de-debito-por-gir/%7B757C7ACA-22D4-82C4-F5C0-0D3376DD147D%7D.pdf,Ventas al detalle (Retail). Ventas al detalle (Retail). Tasas de descuento por giro de negocio. Tasas de descuento por giro de negocio Mifel 1.85% 1.15% 2.50% 0.46% 2.50% Azteca 2.26% 1.15% 2.40% 0.31% 2.40% Xaldo (12) 2.90% 2.90% 2.90% - 2.90% 1 .........S......,pdf,1,Debito,Descuento Debito Ventas al detalle (Retail).pdf
 Operaciones en TPV de Comercio Electrónico,https://www.banxico.org.mx/SieInternet/consultarDirectorioInternetAction.do?accion=consultarCuadro&idCuadro=CF621&locale=es, Operaciones en TPV de Comercio Electrónico. Operaciones en TPV de Comercio Electrónico. Operaciones con tarjetas en sitios de Comercio Electrónico 6/  Operaciones en TPV de Comercio Electrónico Autorizaciones crédito...Número...Monto (millones de pesos)...Autorizaciones débito...Porcentajes......,SIE,0,No Aplica,
'Análisis y perspectivas económicas de México'  Gerardo Esquivel  Subgobernador del Banco de México,https://www.banxico.org.mx/publicaciones-y-prensa/presentaciones/%7BC7F2CBF7-F5A9-3540-6396-54CB3501A8B9%7D.pdf,"'Análisis y perspectivas económicas de México', Gerardo Esquivel, Subgobernador del Banco de México. 'Análisis y perspectivas económicas de México', Gerardo Esquivel, Subgobernador del Banco de México . Presentación de PowerPoint. Análisis y Perspectivas Económicas de México Activid......",pdf,0,No Aplica,
'CoDi®: la nueva forma de pagar en México'  Alejandro Díaz de León  Gobernador de Banco de México,https://www.banxico.org.mx/publicaciones-y-prensa/presentaciones/%7B14FFD5A2-34AA-5FB1-9708-CC8A4A4D770B%7D.pdf,"'CoDi®: la nueva forma de pagar en México', Alejandro Díaz de León, Gobernador de Banco de México. 'CoDi®: la nueva forma de pagar en México', Alejandro Díaz de León, Gobernador de Banco de México . Presentación de PowerPoint. CoDi®: La Nueva Forma de Pagar en México...Alejandro Día......",pdf,0,No Aplica,
'Comparecencia ante el Senado de la República 2020'  Alejandro Díaz de León  Gobernador de Banco de México,https://www.banxico.org.mx/publicaciones-y-prensa/presentaciones/%7BA2C86035-98A1-40BC-A929-5209B7A869C9%7D.pdf,"'Comparecencia ante el Senado de la República 2020', Alejandro Díaz de León, Gobernador de Banco de México. 'Comparecencia ante el Senado de la República 2020', Alejandro Díaz de León, Gobernador de Banco de México. 2020. Gobernador 2.1.3. Tendencias de la Inflación en el Exterior ...........",pdf,0,No Aplica,
'Comparecencia ante el Senado de la República'  Agustín Carstens  Gobernador de Banco de México,https://www.banxico.org.mx/publicaciones-y-prensa/presentaciones/%7B5144557E-19AB-508F-8244-ED32A553D9C9%7D.pdf,"'Comparecencia ante el Senado de la República', Agustín Carstens, Gobernador de Banco de México. 'Comparecencia ante el Senado de la República', Agustín Carstens, Gobernador de Banco de México . Presentación de PowerPoint. Comparecencia ante el Senado de la República...Dr. Agustín Carste......",pdf,0,No Aplica,
'Comparecencia ante el Senado de la República'  Agustín Carstens  Gobernador de Banco de México,https://www.banxico.org.mx/publicaciones-y-prensa/presentaciones/%7BA9EACA6E-808F-7953-A1E1-BA4CFBAD7766%7D.pdf,"'Comparecencia ante el Senado de la República', Agustín Carstens, Gobernador de Banco de México. 'Comparecencia ante el Senado de la República', Agustín Carstens, Gobernador de Banco de México. Presentación de PowerPoint. Comparecencia ante el Senado de la República 4.5......5.0......2007 Expect......",pdf,0,No Aplica,
'Comparecencia ante el Senado de la República'  Alejandro Díaz de León  Gobernador de Banco de México,https://www.banxico.org.mx/publicaciones-y-prensa/presentaciones/%7BAAD19EC9-1E7D-4707-B9D4-09649CC887FC%7D.pdf,"'Comparecencia ante el Senado de la República', Alejandro Díaz de León, Gobernador de Banco de México. 'Comparecencia ante el Senado de la República', Alejandro Díaz de León, Gobernador de Banco de México . Presentación de PowerPoint. Comparecencia ante el Senado de la República 2.0............",pdf,0,No Aplica,
'Comparecencia ante el Senado de la República'  Alejandro Díaz de León  Gobernador de Banco de México,https://www.banxico.org.mx/publicaciones-y-prensa/presentaciones/%7B918EB13E-F806-7CC5-66C8-8DB3891586D8%7D.pdf,"'Comparecencia ante el Senado de la República', Alejandro Díaz de León, Gobernador de Banco de México. 'Comparecencia ante el Senado de la República', Alejandro Díaz de León, Gobernador de Banco de México. Presentación de PowerPoint. Comparecencia ante el Senado de la República 4 ......",pdf,0,No Aplica,
'Comparecencia ante el Senado de la República'  Alejandro Díaz de León  Gobernador de Banco de México,https://www.banxico.org.mx/publicaciones-y-prensa/presentaciones/%7BE010D811-E981-D67E-79D2-A3EEA92A19B4%7D.pdf,"'Comparecencia ante el Senado de la República', Alejandro Díaz de León, Gobernador de Banco de México. 'Comparecencia ante el Senado de la República', Alejandro Díaz de León, Gobernador de Banco de México . Presentación de PowerPoint. Comparecencia ante el Senado de la República monet......",pdf,0,No Aplica,
'Comparecencia del Dr. Guillermo Ortiz. Comisión de Hacienda y Crédito público  Senado de la República'  Guillermo Ortiz  Gobernador del Banco de México,https://www.banxico.org.mx/publicaciones-y-prensa/presentaciones/%7BDA880614-CF4E-4257-8E30-66026DCDC91C%7D.pdf,"'Comparecencia del Dr. Guillermo Ortiz. Comisión de Hacienda y Crédito público, Senado de la República', Guillermo Ortiz, Gobernador del Banco de México. 'Comparecencia del Dr. Guillermo Ortiz. Comisión de Hacienda y Crédito público, Senado de la República', Guillermo Ortiz, Gobernador d......",pdf,0,No Aplica,
'Evolución y perspectivas de la economía mexicana'  Guillermo Ortiz  Gobernador del Banco de México,https://www.banxico.org.mx/publicaciones-y-prensa/presentaciones/%7B753A7984-652B-CE81-BB9D-6C13E4ED158E%7D.pdf,"'Evolución y perspectivas de la economía mexicana', Guillermo Ortiz, Gobernador del Banco de México. 'Evolución y perspectivas de la economía mexicana', Guillermo Ortiz, Gobernador del Banco de México. Microsoft PowerPoint - GOM Evolución y Perspectivas Senado FINAL.ppt. Abril 23, 2008 UBS......",pdf,0,No Aplica,
'Evolución y perspectivas de la economía y del sistema financiero'  Guillermo Ortiz  Gobernador del Banco de México,https://www.banxico.org.mx/publicaciones-y-prensa/presentaciones/%7B7F3FAA16-6022-F63D-15D3-CB3E70CBF093%7D.pdf,"'Evolución y perspectivas de la economía y del sistema financiero', Guillermo Ortiz, Gobernador del Banco de México. 'Evolución y perspectivas de la economía y del sistema financiero', Guillermo Ortiz, Gobernador del Banco de México. Microsoft PowerPoint - Presentación Senado 13 Marzo 08.p......",pdf,0,No Aplica,
'Impactos económicos de la pandemia en México'  Gerardo Esquivel  Subgobernador del Banco de México,https://www.banxico.org.mx/publicaciones-y-prensa/presentaciones/%7BE21D20DD-1715-4F1F-B02D-A72EA838D447%7D.pdf,"'Impactos económicos de la pandemia en México', Gerardo Esquivel, Subgobernador del Banco de México. 'Impactos económicos de la pandemia en México', Gerardo Esquivel, Subgobernador del Banco de México. Presentación de PowerPoint. Impactos Económicos de la Pandemia en México Estado: En pr......",pdf,0,No Aplica,
'Impactos económicos de la pandemia en México'  Gerardo Esquivel  Subgobernador del Banco de México,https://www.banxico.org.mx/publicaciones-y-prensa/presentaciones/%7BE2E85600-F992-FFD8-F566-0F03DCEB38E7%7D.pdf,"'Impactos económicos de la pandemia en México', Gerardo Esquivel, Subgobernador del Banco de México. 'Impactos económicos de la pandemia en México', Gerardo Esquivel, Subgobernador del Banco de México. Presentación de PowerPoint. Impactos Económicos de la Pandemia en México Exportaciones......",pdf,0,No Aplica,
'Impactos económicos de la pandemia en México'  Gerardo Esquivel  Subgobernador del Banco de México,https://www.banxico.org.mx/publicaciones-y-prensa/presentaciones/%7B9A512D60-D4F4-B506-47BB-9A600AC8280D%7D.pdf,"'Impactos económicos de la pandemia en México', Gerardo Esquivel, Subgobernador del Banco de México. 'Impactos económicos de la pandemia en México', Gerardo Esquivel, Subgobernador del Banco de México . Presentación de PowerPoint. Impactos Económicos de la Pandemia en México Impactos E......",pdf,0,No Aplica,
'Inauguración del segundo Foro Internacional de Inclusión Financiera'  Agustín Carstens  Gobernador de Banco de México,https://www.banxico.org.mx/publicaciones-y-prensa/discursos/%7BEE7446E3-C063-BEB1-D0C9-77875FD0E8AF%7D.pdf,"'Inauguración del segundo Foro Internacional de Inclusión Financiera', Agustín Carstens, Gobernador de Banco de México. 'Inauguración del segundo Foro Internacional de Inclusión Financiera', Agustín Carstens, Gobernador de Banco de México. Palabras del Gobernador del Banco de México, Agu......",pdf,0,No Aplica,
'La economía mexicana'  Agustín Carstens  Gobernador de Banco de México,https://www.banxico.org.mx/publicaciones-y-prensa/presentaciones/%7B404BF90B-D171-A909-1E5A-A98BBE8F2FD3%7D.pdf,"'La economía mexicana', Agustín Carstens, Gobernador de Banco de México. 'La economía mexicana', Agustín Carstens, Gobernador de Banco de México. Diapositiva 1. La Economía Mexicana sep-11 ......may-12 140......150......160 5.3 ......3.9 3.9 3.0-4.0 110......112......114...",pdf,0,No Aplica,
'La economía mexicana'  Agustín Carstens  Gobernador del Banco de México,https://www.banxico.org.mx/publicaciones-y-prensa/presentaciones/%7BDB75D47B-467A-6DDF-48CB-9D776B22B5ED%7D.pdf,"'La economía mexicana', Agustín Carstens, Gobernador del Banco de México. 'La economía mexicana', Agustín Carstens, Gobernador del Banco de México. Diapositiva 1. La Economía Mexicana...Comparecencia ante el Senado de la República...Dr. Agustín Carstens Fuente: Fiscal Monitor (FMI). ......",pdf,0,No Aplica,
'Los impactos económicos de la pandemia en México'  Gerardo Esquivel  Subgobernador del Banco de México,https://www.banxico.org.mx/publicaciones-y-prensa/articulos-y-otras-publicaciones/%7BD442A596-6F43-D1B5-6686-64A2CF2F371B%7D.pdf,"'Los impactos económicos de la pandemia en México', Gerardo Esquivel, Subgobernador del Banco de México. 'Los impactos económicos de la pandemia en México', Gerardo Esquivel, Subgobernador del Banco de México . - 1 - económica, el consumo, el empleo y l......",pdf,0,No Aplica,
'Niveles y patrones de consumo en la era del COVID-19'  Gerardo Esquivel  Subgobernador del Banco de México,https://www.banxico.org.mx/publicaciones-y-prensa/articulos-y-otras-publicaciones/%7BCD8C970F-A6B7-E419-51DA-92415EB93CFF%7D.pdf,"'Niveles y patrones de consumo en la era del COVID-19', Gerardo Esquivel, Subgobernador del Banco de México. 'Niveles y patrones de consumo en la era del COVID-19', Gerardo Esquivel, Subgobernador del Banco de México . 1 Figura 1. Proporción del gasto total en cada giro económico 18% ......Turi......",pdf,0,No Aplica,
'Primeros resultados de la regulación sobre pagos con tarjetas'  Agustín Carstens  Gobernador de Banco de México,https://www.banxico.org.mx/publicaciones-y-prensa/presentaciones/%7B87F87B5E-3E18-5D70-C730-5964BA7CE7D0%7D.pdf,"'Primeros resultados de la regulación sobre pagos con tarjetas', Agustín Carstens, Gobernador de Banco de México. 'Primeros resultados de la regulación sobre pagos con tarjetas', Agustín Carstens, Gobernador de Banco de México . Presentación de PowerPoint. Primeros resultados de la regul......",pdf,0,No Aplica,
2011-09 Regulación de comisiones de cajero en un modelo de competencia espacial,https://www.banxico.org.mx/publicaciones-y-prensa/documentos-de-investigacion-del-banco-de-mexico/%7B19E41EEE-A261-023E-3F31-E8A61219BBE4%7D.pdf,"2011-09 Regulación de comisiones de cajero en un modelo de competencia espacial. Usando el modelo de competencia espacial à la Hotelling desarrollado por Massoud y Bernhardt (2002) para analizar la competencia en comisiones de cajero, en este documento analizamos los efectos de prohibir el cobr......",pdf,0,No Aplica,
Aceptación de tarjetas  comisiones  Banco de México,https://www.banxico.org.mx/portales-de-usuarios/servicios-financieros-y-comisiones/aceptacion-tarjetas-comisio.html,"Aceptación de tarjetas, comisiones, Banco de México. Información sobre las comisiones comunes en aceptación de pagos con tarjeta. Aceptacin de tarjetas, comisiones, Banco de Mxico. Su navegador no soporta o tiene Javascript deshabilitado. Comisiones comunes en aceptación de pagos con tarjet......",html,0,No Aplica,
CATAR-EconLab_ficha,https://www.banxico.org.mx/apps/econlab/fichas/espanol/%7B9FB22B42-9C5D-49AA-1C5D-B178EC841A7C%7D.pdf,CATAR-EconLab_ficha. Ficha de datos en español de CATAR . _____________________________________________________________________________________________ Variables reportadas Variables calculadas Cuestiones diversas. Los investigadores que trabajan...con estos datos han notado algunos problemas qu......,pdf,0,No Aplica,
CCM-EconLab_ficha,https://www.banxico.org.mx/apps/econlab/fichas/espanol/%7BD278B7E6-FA98-C63D-1517-37F2C386E82A%7D.pdf,CCM-EconLab_ficha. Ficha de datos en español de CCM . _______________________________________________________________________________________ Beneficiario (S): Información sobre la persona liquidados (pagados) y préstamos que hayan...sufrido cambios significativos en sus...condiciones in......,pdf,0,No Aplica,
CEM-EconLab_ficha,https://www.banxico.org.mx/apps/econlab/fichas/espanol/%7BC1D19D3C-F355-9D04-BF33-59CA045E9B24%7D.pdf,CEM-EconLab_ficha. Ficha de datos en español de CEM . ____________________________________________________________________________________________ Variables......La base de datos tiene más de 150 variables que se...pueden agrupar en las siguientes categorías principales....Es importante mencionar qu......,pdf,0,No Aplica,
CHM-EconLab_ficha,https://www.banxico.org.mx/apps/econlab/fichas/espanol/%7B932C6AB2-C3CD-631D-24E7-537BE1E3CA58%7D.pdf,CHM-EconLab_ficha. Ficha de datos en español de CHM . ____________________________________________________________________________________________ El conjunto de datos de créditos para vivienda incluye...todas las hipotecas otorgadas en México por...instituciones financieras (bancos comerciales......,pdf,0,No Aplica,
Catálogo de categorías de comisiones versión 1.0,https://www.banxico.org.mx/sistema-financiero/catalogo-de-categorias-de-comisiones/%7BC1B260A7-FCC5-251D-1C94-D3082B9BE041%7D.pdf,Catálogo de categorías de comisiones versión 1.0. Catálogo de categorías de comisiones versión 1.0 . Publicada-Uso General Beneficios......Comprobante Información que ha sido publicada por el Banco de México Tarjeta adicional Giro de alto rie......,pdf,0,No Aplica,
Catálogo de categorías de comisiones versión 1.1,https://www.banxico.org.mx/sistema-financiero/catalogo-de-categorias-de-comisiones/%7B7D540B2C-4791-4CAB-EA9D-8039A85E17F3%7D.pdf,Catálogo de categorías de comisiones versión 1.1. Catálogo de categorías de comisiones versión 1.1. Publicada-Uso General Información que ha sido publicada por el Banco de México Implementación Fotografía Devolución de cheque...,pdf,0,No Aplica,
Comunicado Consejo Nacional de Inclusión Financiera (CONAIF),https://www.banxico.org.mx/publicaciones-y-prensa/miscelaneos/%7BC3632240-F370-2579-15F6-FFC9750E63B9%7D.pdf,Comunicado Consejo Nacional de Inclusión Financiera (CONAIF). Comunicado Consejo Nacional de Inclusión Financiera (CONAIF). 1/2 Nacional de Inclusión Financiera 2015; la evolución de las redes de medios de...disposición; y se analizaron las directrices para la formulación de la Política......,pdf,0,No Aplica,
Glosario del catálogo de categorías de comisiones 1.0,https://www.banxico.org.mx/sistema-financiero/glosario-del-catalogo-de-categorias-de-comisiones/%7BA6DA1495-66FB-D433-D929-73B5640D2CB2%7D.pdf,Glosario del catálogo de categorías de comisiones 1.0. Glosario del catálogo de categorías de comisiones 1.0. Publicada-Uso General Servicio para acceder parcial o totalmente al crédito o línea de...crédito previamente autorizado. Retiro Servicio de retiro de ......,pdf,0,No Aplica,
Glosario del catálogo de categorías de comisiones 1.1,https://www.banxico.org.mx/sistema-financiero/glosario-del-catalogo-de-categorias-de-comisiones/%7BFF6AA1B3-BD7E-0A14-13E5-D8A742F50936%7D.pdf,Glosario del catálogo de categorías de comisiones 1.1. Glosario del catálogo de categorías de comisiones 1.1 . Publicada-Uso General Depósito Servicio de recepción de recursos para ser aplicados en una cuenta. Información que ha sido publicada por el Banco de......,pdf,0,No Aplica,
InfTrim julio-septiembre 2023_R7,https://www.banxico.org.mx/publicaciones-y-prensa/informes-trimestrales/recuadros/%7BADBD8399-82F9-DB5F-39D0-E503B9176CE4%7D.pdf,"InfTrim julio-septiembre 2023_R7. Extracto del Informe trimestral, julio-septiembre 2023. Recuadro 7. Desviaciones del precio relativo de las mercancías y de los servicios respecto de su equilibrio de largo plazo. . Extracto del Informe Trimestral Julio ? Septiembre 2023, Recuadro 7, pp. 89-......",pdf,0,No Aplica,
Informe anual de cumplimiento de la Ley para la Transparencia y Ordenamiento de los Servicios Financieros  enero 2015-junio 2016,https://www.banxico.org.mx/publicaciones-y-prensa/informes-anuales-de-cumplimiento-de-la-ley-para-la/%7B00132BEC-F0D0-B7BE-6151-DEDF000BF4DC%7D.PDF,"Informe anual de cumplimiento de la Ley para la Transparencia y Ordenamiento de los Servicios Financieros, enero 2015-junio 2016. Informe anual de cumplimiento de la Ley para la Transparencia y Ordenamiento de los Servicios Financieros, enero 2015-junio 2016. 1 Comisiones en la red de pagos con t......",pdf,0,No Aplica,
Informe anual de cumplimiento de la Ley para la Transparencia y Ordenamiento de los Servicios Financieros  julio 2016-junio 2017,https://www.banxico.org.mx/publicaciones-y-prensa/informes-anuales-de-cumplimiento-de-la-ley-para-la/%7B959B7A9F-A5EB-DBC9-EA9C-C14EA872FF9E%7D.pdf,"Informe anual de cumplimiento de la Ley para la Transparencia y Ordenamiento de los Servicios Financieros, julio 2016-junio 2017. Informe anual de cumplimiento de la Ley para la Transparencia y Ordenamiento de los Servicios Financieros, julio 2016-junio 2017 . 1 semestre de 2017. Con el fin de ......",pdf,0,No Aplica,
Informe anual de cumplimiento de la Ley para la Transparencia y Ordenamiento de los Servicios Financieros  julio 2017-junio 2018,https://www.banxico.org.mx/publicaciones-y-prensa/informes-anuales-de-cumplimiento-de-la-ley-para-la/%7B3D4ACF5B-8E6F-40D8-705D-D73C3A8D6AF2%7D.pdf,"Informe anual de cumplimiento de la Ley para la Transparencia y Ordenamiento de los Servicios Financieros, julio 2017-junio 2018. Informe anual de cumplimiento de la Ley para la Transparencia y Ordenamiento de los Servicios Financieros, julio 2017-junio 2018. Banco de México ......",pdf,0,No Aplica,
Informe anual de cumplimiento de la Ley para la Transparencia y Ordenamiento de los Servicios Financieros  julio 2019-junio 2020,https://www.banxico.org.mx/publicaciones-y-prensa/informes-anuales-de-cumplimiento-de-la-ley-para-la/%7B4DD8FC9E-A38B-3624-4A42-AB29BB0B275D%7D.pdf,"Informe anual de cumplimiento de la Ley para la Transparencia y Ordenamiento de los Servicios Financieros, julio 2019-junio 2020. Informe anual de cumplimiento de la Ley para la Transparencia y Ordenamiento de los Servicios Financieros, julio 2019-junio 2020. Página 1 de 137 JONATHAN ERNEST HEAT......",pdf,0,No Aplica,
Informe anual de cumplimiento de la Ley para la Transparencia y Ordenamiento de los Servicios Financieros  julio 2020-junio 2021,https://www.banxico.org.mx/publicaciones-y-prensa/informes-anuales-de-cumplimiento-de-la-ley-para-la/%7B673FB877-292B-1DF2-2703-140F9168FDA9%7D.pdf,"Informe anual de cumplimiento de la Ley para la Transparencia y Ordenamiento de los Servicios Financieros, julio 2020-junio 2021. Informe anual de cumplimiento de la Ley para la Transparencia y Ordenamiento de los Servicios Financieros, julio 2020-junio 2021 . Publicada-Uso General 4......1 Conteni......",pdf,0,No Aplica,
Informe anual de cumplimiento de la Ley para la Transparencia y Ordenamiento de los Servicios Financieros  julio 2021-junio 2022,https://www.banxico.org.mx/publicaciones-y-prensa/informes-anuales-de-cumplimiento-de-la-ley-para-la/%7B04FD8567-F134-BAD3-369B-70CF4F83EC1A%7D.pdf,"Informe anual de cumplimiento de la Ley para la Transparencia y Ordenamiento de los Servicios Financieros, julio 2021-junio 2022. Informe anual de cumplimiento de la Ley para la Transparencia y Ordenamiento de los Servicios Financieros, julio 2021-junio 2022 . Publicada-Uso General GERARDO ESQU......",pdf,0,No Aplica,
Informe anual de cumplimiento de la Ley para la Transparencia y Ordenamiento de los Servicios Financieros  julio 2022-junio 2023,https://www.banxico.org.mx/publicaciones-y-prensa/informes-anuales-de-cumplimiento-de-la-ley-para-la/%7B2DA9A20A-DC05-2FDC-F8C0-0B840A9B0FF5%7D.pdf,"Informe anual de cumplimiento de la Ley para la Transparencia y Ordenamiento de los Servicios Financieros, julio 2022-junio 2023. Informe anual de cumplimiento de la Ley para la Transparencia y Ordenamiento de los Servicios Financieros, julio 2022-junio 2023 . Uso Público GALIA BORJA GÓMEZ 3 ......",pdf,0,No Aplica,
Informe anual de cumplimiento de la Ley para la Transparencia y Ordenamiento de los Servicios Financieros 2014,https://www.banxico.org.mx/publicaciones-y-prensa/informes-anuales-de-cumplimiento-de-la-ley-para-la/%7BF1CF3A01-14D1-98A5-4D48-094DB66EE609%7D.pdf,Informe anual de cumplimiento de la Ley para la Transparencia y Ordenamiento de los Servicios Financieros 2014. Informe anual de cumplimiento de la Ley para la Transparencia y Ordenamiento de los Servicios Financieros 2014. 1 3.1.2 Redes de pagos con tarjetas ......,pdf,0,No Aplica,
Informe anual sobre las infraestructuras de los mercados financieros 2016,https://www.banxico.org.mx/publicaciones-y-prensa/informe-anual-sobre-las-infraestructuras-de-los-me/%7B7417BEBD-96FC-B202-6752-F35A6DD52A8D%7D.pdf,Informe anual sobre las infraestructuras de los mercados financieros 2016. Informe anual sobre las infraestructuras de los mercados financieros 2016. Informe anual sobre las 2.2.2. Cambios regulatorios y operativos .............................................................. 21 3.3.1. Evoluci......,pdf,0,No Aplica,
Informe anual sobre las infraestructuras de los mercados financieros 2017,https://www.banxico.org.mx/publicaciones-y-prensa/informe-anual-sobre-las-infraestructuras-de-los-me/%7B640C6E9C-5835-E655-D0ED-0F1B7EAB2AC9%7D.pdf,Informe anual sobre las infraestructuras de los mercados financieros 2017. Informe anual sobre las infraestructuras de los mercados financieros 2017. Informe Anual sobre las 3.2. Sistema de Pagos Electrónicos Interbancarios (SPEI) ........................................................... 9 3.......,pdf,0,No Aplica,
Informe anual sobre las infraestructuras de los mercados financieros 2018,https://www.banxico.org.mx/publicaciones-y-prensa/informe-anual-sobre-las-infraestructuras-de-los-me/%7B47E2C88D-F4B1-1D34-2913-8E25F249E6F1%7D.pdf,Informe anual sobre las infraestructuras de los mercados financieros 2018. Informe anual sobre las infraestructuras de los mercados financieros 2018 . Informe Anual sobre las 3.1.1. Información sobre los ataques en 2018 a participantes del SPEI .................................... 8 6.2. Ava......,pdf,0,No Aplica,
Informe anual sobre las infraestructuras de los mercados financieros 2019,https://www.banxico.org.mx/publicaciones-y-prensa/informe-anual-sobre-las-infraestructuras-de-los-me/%7BBA5D54C6-AF6C-FF85-9C4B-C39DF70C66E0%7D.pdf,Informe anual sobre las infraestructuras de los mercados financieros 2019. Informe anual sobre las infraestructuras de los mercados financieros 2019. Informe Anual sobre las 3.1. Reforzamiento organizacional relacionado con los Sistemas de Pago e Infraestructuras de...los Mercados Financieros ..........,pdf,0,No Aplica,
Informe anual sobre las infraestructuras de los mercados financieros 2020,https://www.banxico.org.mx/publicaciones-y-prensa/informe-anual-sobre-las-infraestructuras-de-los-me/%7BD10D30F6-7791-8CDC-4D38-D7666C8A21DA%7D.pdf,Informe anual sobre las infraestructuras de los mercados financieros 2020. Informe anual sobre las infraestructuras de los mercados financieros 2020 . Informe Anual sobre las 4.1.1. Transferencias Interinstitucionales ..................................................................................,pdf,0,No Aplica,
Informe anual sobre las infraestructuras de los mercados financieros 2021,https://www.banxico.org.mx/publicaciones-y-prensa/informe-anual-sobre-las-infraestructuras-de-los-me/%7B82C5B226-4EE1-17B7-377B-9B82F1C2E388%7D.pdf,Informe anual sobre las infraestructuras de los mercados financieros 2021. Informe anual sobre las infraestructuras de los mercados financieros 2021. Banco de México JONATHAN ERNEST HEATH CONSTABLE ...Banco de México 4.1.4. Tarjetas .....................................................................,pdf,0,No Aplica,
Informe anual sobre las infraestructuras de los mercados financieros 2022,https://www.banxico.org.mx/publicaciones-y-prensa/informe-anual-sobre-las-infraestructuras-de-los-me/%7BE90A6B02-CBDC-343B-93ED-0ABD8A05B60B%7D.pdf,Informe anual sobre las infraestructuras de los mercados financieros 2022. Informe anual sobre las infraestructuras de los mercados financieros 2022 . Banco de México INFORME ANUAL SOBRE LAS INFRAESTRUCTURAS DE LOS MERCADOS Información que ha sido publicada por el Banco de México Intercambio......,pdf,0,No Aplica,
Informe anual sobre las infraestructuras de los mercados financieros 2023,http://www.banxico.org.mx/publicaciones-y-prensa/informe-anual-sobre-las-infraestructuras-de-los-me/%7BC0033C9D-4821-F3F2-1F71-79BB7EDAE1AA%7D.pdf,Informe anual sobre las infraestructuras de los mercados financieros 2023. Informe anual sobre las infraestructuras de los mercados financieros 2023 . Banco de México INFORME ANUAL SOBRE LAS INFRAESTRUCTURAS DE LOS MERCADOS FINANCIEROS Información de acceso público 3.3.2. Operación en Cám......,pdf,0,No Aplica,
Informe anual sobre las infraestructuras de los mercados financieros 2023,https://www.banxico.org.mx/publicaciones-y-prensa/informe-anual-sobre-las-infraestructuras-de-los-me/%7BC0033C9D-4821-F3F2-1F71-79BB7EDAE1AA%7D.pdf,Informe anual sobre las infraestructuras de los mercados financieros 2023. Informe anual sobre las infraestructuras de los mercados financieros 2023 . Banco de México INFORME ANUAL SOBRE LAS INFRAESTRUCTURAS DE LOS MERCADOS FINANCIEROS Información de acceso público 3.3.2. Operación en Cám......,pdf,0,No Aplica,
Informe trimestral  julio-septiembre 2023,https://www.banxico.org.mx/publicaciones-y-prensa/informes-trimestrales/%7B6942ABCA-503D-B466-A392-D4760AF16465%7D.pdf,"Informe trimestral, julio-septiembre 2023. Texto completo del informe trimetral, julio-septiembre 2023. Texto completo. Informe Trimestral Julio - Septiembre 2023. Informe Trimestral...Julio - Septiembre 2023 El texto completo, el resumen ejecutivo, la presentación ejecutiva y los recuadros corres......",pdf,0,No Aplica,
Microdatos_indice,https://www.banxico.org.mx/apps/econlab/fichas/espanol/%7B5CC64934-7919-2C79-2E35-80342DC92095%7D.pdf,"Microdatos_indice. Indice de las bases de datos del EconLab.. Banco de México Cifras estadísticas sobre importación y exportación de mercancías de empresas mexicanas por tipo...de producto, país, valor de transacción, entre otros. Encuesta la cual responden los directivos a cargo de las pol......",pdf,0,No Aplica,
Modificaciones a las Reglas conjuntas Banco de México-CNBV,https://www.banxico.org.mx/marco-normativo/normativa-emitida-por-el-banco-de-mexico/reglas-conjuntas-redes-de-medios-de-disposicion/%7BAAB6DA4F-2686-C813-BAAF-C42DD508DF9F%7D.pdf,Modificaciones a las Reglas conjuntas Banco de México-CNBV. Modificaciones a las Reglas conjuntas Banco de México-CNBV . RESOLUCIÓN QUE MODIFICA LAS DISPOSICIONES DE CARÁCTER GENERAL APLICABLES A...LAS REDES DE MEDIOS DE DISPOSICIÓN. DE 2015......DISPOSICIONES DE CARÁCTER GENERAL...APLICABLES A L......,pdf,0,No Aplica,
Operaciones con tarjetas procesadas por las cámaras de compensación,https://www.banxico.org.mx/SieInternet/consultarDirectorioInternetAction.do?accion=consultarCuadro&idCuadro=CF873&locale=es,Operaciones con tarjetas procesadas por las cámaras de compensación. Operaciones con tarjetas operadas por las cámaras de compensación. A...Número...Monto (millones de pesos)...C...D...F...I...J...K...L...O...P...Q...R...S...T...V...W...X...Z...AA...AC...AF...AH...AI...AL...AO...AR...AW...AX...AY...AZ...BA...BB...BC...BD...BE...BF...BG...BH...BI...BJ...BK...BL...BM...BN...BO...BP...B......,SIE,0,No Aplica,
Operaciones en TPV,https://www.banxico.org.mx/SieInternet/consultarDirectorioInternetAction.do?accion=consultarCuadro&idCuadro=CF268&locale=es,Operaciones en TPV. Operaciones en terminales TPVs. Operaciones en TPV Mismo banco con tarjetas de débito...Número de operaciones...Importe (millones de pesos)...Mismo banco con tarjetas de crédito 2/...Total de operaciones interbancarias...Interbancarias con tarjetas de débito 2/...Interbancarias......,SIE,0,No Aplica,
Programa de Trabajo 2019-2020,https://www.banxico.org.mx/publicaciones-y-prensa/programa-de-trabajo-institucional/%7BEF04F598-6864-B950-7F0A-6D4679527392%7D.pdf,Programa de Trabajo 2019-2020. Programa de Trabajo 2019-2020 . 1 ...PROGRAMA DE TRABAJO 2019-2020 Actividades desarrolladas Actividades desarrolladas 2. ESTABILIDAD DEL PODER ADQUISITIVO...Se describen las acciones de política monetaria tomadas por la Junta de...Gobierno para el logro del objetivo......,pdf,0,No Aplica,
Programa de Trabajo 2020-2021,https://www.banxico.org.mx/publicaciones-y-prensa/programa-de-trabajo-institucional/%7B0314B00B-726D-E945-EAB9-026BEFDF52F0%7D.pdf,Programa de Trabajo 2020-2021. Programa de Trabajo 2020-2021 . 1 ...PROGRAMA DE TRABAJO 2020-2021 ...2 ...PROGRAMA DE TRABAJO 2020-2021 ...3 ...PROGRAMA DE TRABAJO 2020-2021 Planeación estratégica institucional D. Ciberseguridad en el sistema financiero...E. Supervisión de los intermediarios finan......,pdf,0,No Aplica,
Programa de Trabajo 2021-2022,https://www.banxico.org.mx/publicaciones-y-prensa/programa-de-trabajo-institucional/%7BC62AD139-FF2F-D351-4450-74F06DD33D1B%7D.pdf,Programa de Trabajo 2021-2022. Programa de Trabajo 2021-2022. 1 ...PROGRAMA DE TRABAJO 2021-2022 ...2 ...PROGRAMA DE TRABAJO 2021-2022 ...3 ...PROGRAMA DE TRABAJO 2021-2022 1. PROVISIÓN DE MONEDA 77......78......82......85 C. Capital humano 1. PROVISIÓN DE MONEDA...,pdf,0,No Aplica,
Programa de Trabajo 2022-2023,https://www.banxico.org.mx/publicaciones-y-prensa/programa-de-trabajo-institucional/%7B1D21F900-4A25-4EED-D141-076DD1CA2A4F%7D.pdf,Programa de Trabajo 2022-2023. Programa de Trabajo 2022-2023. 1 ...PROGRAMA DE TRABAJO 2022-2023 ...2 ...PROGRAMA DE TRABAJO 2022-2023 ...3 ...PROGRAMA DE TRABAJO 2022-2023 B....C....D....E....F....G. Ciberseguridad del sistema financiero...Supervisión de los intermediarios financieros y sanciones...impuestas 6. ......,pdf,0,No Aplica,
Programa de Trabajo Institucional 2016-2017,https://www.banxico.org.mx/publicaciones-y-prensa/programa-de-trabajo-institucional/%7B24CCDE0E-2564-1C7A-4ADF-92B18E62E73A%7D.pdf,Programa de Trabajo Institucional 2016-2017. Programa de Trabajo Institucional 2016-2017. Programa de Trabajo Institucional PASCUAL RAMÓN ODOGHERTY MADRAZO (Dirección General de Estabilidad Financiera) Principales avances y logros en 2016 ..............................................................,pdf,0,No Aplica,
Programa de Trabajo Institucional 2017-2018,https://www.banxico.org.mx/publicaciones-y-prensa/programa-de-trabajo-institucional/%7BC2492FE2-D491-DE1A-C814-8F02A24D12B8%7D.pdf,Programa de Trabajo Institucional 2017-2018. Programa de Trabajo Institucional 2017-2018. san Contenido......INTRODUCCIÓN ........................................................................................................................ 1 Principales avances y......,pdf,0,No Aplica,
Reporte de estabilidad financiera junio 2020,https://www.banxico.org.mx/publicaciones-y-prensa/reportes-sobre-el-sistema-financiero/%7BA66FA96C-EC89-D558-3342-F303E53042D5%7D.pdf,Reporte de estabilidad financiera junio 2020. Reporte de estabilidad financiera junio 2020 . q cifras son de carácter preliminar y se encuentran sujetas a revisiones. II.3.3. Mercado de renta variable ................................................................................................,pdf,0,No Aplica,
Reporte sobre el sistema financiero 2006,https://www.banxico.org.mx/publicaciones-y-prensa/reportes-sobre-el-sistema-financiero/%7B31B9B7AD-D249-25B6-10EF-ED0BD3A8D284%7D.pdf,Reporte sobre el sistema financiero 2006. Informe de las actividades del Banco de México en relación a las funciones respecto sistema financiero y el sistema de pagos del año 2006. Diagnóstico de la Banca Múltiple. Reporte sobre el...Sistema Financiero TU2.1.UT TUEntorno int......,pdf,0,No Aplica,
Reporte sobre el sistema financiero 2006  resumen,https://www.banxico.org.mx/publicaciones-y-prensa/reportes-sobre-el-sistema-financiero/%7B6FC103C4-C1E4-1697-7BAF-F4D19E267A73%7D.pdf,"Reporte sobre el sistema financiero 2006, resumen. Reporte sobre el sistema financiero 2006, resumen. 1. 1 2. Entorno Internacional y Nacional muestran cambios recientes con respecto a lo observado en los últimos diez...años. Actualmente, la economía mexicana es menos dependiente de lo......",pdf,0,No Aplica,
Reporte sobre el sistema financiero 2007,https://www.banxico.org.mx/publicaciones-y-prensa/reportes-sobre-el-sistema-financiero/%7B21F0A8B2-1A91-0C97-4E73-6CB509497D0C%7D.pdf,Reporte sobre el sistema financiero 2007. Informe de las actividades del Banco de México en relación a las funciones respecto sistema financiero y el sistema de pagos del año 2007. DiagnÃ³stico de la Banca MÃºltiple. Reporte sobre el...Sistema Financiero están sujetas a revisiones. Las cifr......,pdf,0,No Aplica,
Reporte sobre el sistema financiero 2007  presentación ejecutiva,https://www.banxico.org.mx/publicaciones-y-prensa/reportes-sobre-el-sistema-financiero/%7BAA077899-4BB5-4967-26BB-C20D8BB94616%7D.pdf,"Reporte sobre el sistema financiero 2007, presentación ejecutiva. Reporte sobre el sistema financiero 2007, presentación ejecutiva. Diapositiva 1. Reporte sobre el Sistema 2007 2008 10......12 ......E A J O E A Países Emergentes Por ciento)...",pdf,0,No Aplica,
Reporte sobre el sistema financiero 2007  resumen,https://www.banxico.org.mx/publicaciones-y-prensa/reportes-sobre-el-sistema-financiero/%7B0FABEE1B-4626-022C-B528-51D98684478B%7D.pdf,"Reporte sobre el sistema financiero 2007, resumen. Reporte sobre el sistema financiero 2007, resumen. 1. Resumen...Reporte sobre el...Sistema Financiero 2. Entorno Internacional y Nacional A partir de agosto de 2007, la liquidez en los mercados interbancarios resultaron similares a los que ......",pdf,0,No Aplica,
Reporte sobre el sistema financiero a junio de 2009,https://www.banxico.org.mx/publicaciones-y-prensa/reportes-sobre-el-sistema-financiero/%7B5EB4498E-A581-4B8E-8A64-59559B6113FA%7D.pdf,Reporte sobre el sistema financiero a junio de 2009. Reporte sobre el sistema financiero a junio de 2009. Reporte sobre el Sistema Financiero. Reporte sobre el...Sistema Financiero 2.1. Origen ..................................................................................................... ......,pdf,0,No Aplica,
Reporte sobre el sistema financiero a junio de 2010,https://www.banxico.org.mx/publicaciones-y-prensa/reportes-sobre-el-sistema-financiero/%7B4CE89FBE-08CA-93FE-6613-9660DF57F5F9%7D.pdf,Reporte sobre el sistema financiero a junio de 2010. Texto completo del Reporte sobre el sistema financiero a junio de 2010. Reporte sobre el...Sistema Financiero CONTENIDO......Reporte sobre el Sistema Financiero 4.5. Aseguradoras............................................................................,pdf,0,No Aplica,
Reporte sobre las condiciones de competencia en el otorgamiento de crédito a las pequeñas y medianas empresas (PYME) abril 2015,https://www.banxico.org.mx/publicaciones-y-prensa/reportes-sobre-las-condiciones-de-competencia-en-l/%7B1C74E16B-F3D9-DBA7-6E7E-80C130C76599%7D.pdf,Reporte sobre las condiciones de competencia en el otorgamiento de crédito a las pequeñas y medianas empresas (PYME) abril 2015. Reporte sobre las condiciones de competencia en el otorgamiento de crédito a las pequeñas y medianas empresas (PYME) abril 2015. Versión 0.1 del reporte de compete......,pdf,0,No Aplica,
Resolución,https://www.banxico.org.mx/marco-normativo/normativa-emitida-por-el-banco-de-mexico/reglas-conjuntas-redes-de-medios-de-disposicion/%7BF80E80AC-1245-0230-A274-3136FBC5DA9A%7D.pdf,Resolución. Resolución . Jueves 2 de abril de 2015 DIARIO OFICIAL (Primera Sección) 23 Que en atención a lo antes señalado y a que la red de pagos con tarjeta es la que se encuentra...identificada y todos sus participantes resultan relevantes para el funci......,pdf,0,No Aplica,
TPV por entidad federativa,https://www.banxico.org.mx/SieInternet/consultarDirectorioInternetAction.do?accion=consultarCuadro&idCuadro=CF272&locale=es,TPV por entidad federativa. Número de terminales por entidad federativa. TPV por entidad TPV por entidad federativa Baja California Sur...Campeche...Coahuila...Colima...Chiapas...Chihuahua...Durango...Guanajuato...Guerrero...Hidalgo...Jalisco...Estado de México...Michoacán...Morelos...Nayarit...Nuevo León...Oaxaca...Puebla.........,SIE,0,No Aplica,
Tasas de descuento y cuotas de intercambio en el pago de tarjetas bancarias en México,https://www.banxico.org.mx/sistemas-de-pago/d/%7B095E0AD4-C735-4226-794B-B94E1A14DE72%7D.pdf,Tasas de descuento y cuotas de intercambio en el pago de tarjetas bancarias en México. Tasas de descuento y cuotas de intercambio en el pago de tarjetas bancarias en México. Banco de México El incremento en la importancia de los pagos con tarjeta se atribuye al aumento en el...número de tarjeta......,pdf,0,No Aplica,
Texto compilado Circular 4/2014,https://www.banxico.org.mx/marco-normativo/normativa-emitida-por-el-banco-de-mexico/circular-4-2014/%7BACFFA66B-A970-23AD-1A29-C2387897381C%7D.pdf,"Texto compilado Circular 4/2014. Texto compilado Circular 4/2014. REGLAS CAMARAS TARJETAS. GDSF. TEXTO COMPILADO de la Circular 4/2014 publicada en el Diario Oficial de la Federación el 11 de marzo recibir las Autorizaciones de Pago, Rechazos de Pago, devoluciones intercambio de obligaciones ent......",pdf,0,No Aplica,
Texto compilado Reglas conjuntas Banco de México-CNBV,https://www.banxico.org.mx/marco-normativo/normativa-emitida-por-el-banco-de-mexico/reglas-conjuntas-redes-de-medios-de-disposicion/%7B794002B6-5DA6-BEBA-08AD-F210963C1E11%7D.pdf,Texto compilado Reglas conjuntas Banco de México-CNBV. Texto compilado Reglas conjuntas Banco de México-CNBV. 1 Autoridades: a la Comisión Nacional Bancaria y de Valores y al Banco de Cuota de Intercambio Máxima: a la Cuota de Intercambio más alta para Pagos con Tarj......,pdf,0,No Aplica,
Texto original Circular 4/2014,https://www.banxico.org.mx/marco-normativo/normativa-emitida-por-el-banco-de-mexico/circular-4-2014/%7B8A56B52E-C234-0B73-0FA7-1574FED7FCCA%7D.pdf,Texto original Circular 4/2014. Texto original Circular 4/2014 . BANCO DE MEXICO. (Primera Sección) DIARIO OFICIAL Martes 11 de marzo de 2014 empaquetamiento forzoso de productos o los descuentos en función de características individuales de procesamiento y ......,pdf,0,No Aplica,
Texto original Reglas conjuntas Banco de México-CNBV,https://www.banxico.org.mx/marco-normativo/normativa-emitida-por-el-banco-de-mexico/reglas-conjuntas-redes-de-medios-de-disposicion/%7BE8283761-FBE3-542E-14A8-3C7EDFFD7BEE%7D.pdf,Texto original Reglas conjuntas Banco de México-CNBV. Texto original Reglas conjuntas Banco de México-CNBV . Martes 11 de marzo de 2014 DIARIO OFICIAL (Primera Sección) 2 Adquirente: al Participante en Redes que de conformidad con el co......,pdf,0,No Aplica,
estadísticas de sistemas de pago de bajo valor,https://www.banxico.org.mx/SieInternet/consultarDirectorioInternetAction.do?sector=21&accion=consultarDirectorioCuadros&locale=es,"estadísticas de sistemas de pago de bajo valor. estadísticas de sistemas de pago de bajo valor. Directorio de cuadros y estructuras de información (SIE, Banco de México). Ir al contenido principal | Declaración de accesibilidad Mostrar metadatos de la estructura Monto operado a través de t......",html,0,No Aplica,
