Familia,Tipo,Institucion,Promedio,Minima,Maxima,Desviación,Moda
Agencias de viajes,Credito,EVO,1.95,1.79,2.6,0.14,1.95
Agencias de viajes,Credito,Mifel,2.12,1.6,2.8,0.44,1.68
Agencias de viajes,Credito,Dlocal,2.15,2.15,2.15,0.0,2.15
Agencias de viajes,Credito,Getnet,2.19,1.76,3.5,0.28,2.13
Agencias de viajes,Credito,Afirme,2.25,1.6,3.9,0.33,2.4
Agencias de viajes,Credito,Banorte,2.25,1.58,2.8,0.32,2.0
Agencias de viajes,Credito,BBVA Bancomer,2.27,1.58,2.4,0.15,2.25
Agencias de viajes,Credito,Autofin,2.27,2.0,2.4,0.19,2.0
Agencias de viajes,Credito,Inbursa,2.32,1.78,2.6,0.1,2.34
Agencias de viajes,Credito,Adyen,2.32,2.25,2.45,0.12,2.25
Agencias de viajes,Credito,Banregio,2.35,1.6,3.13,0.61,3.13
Agencias de viajes,Credito,Multiva,2.38,1.75,2.82,0.45,2.75
Agencias de viajes,Credito,Fiserv,2.39,1.82,2.75,0.26,2.58
Agencias de viajes,Credito,Bansí,2.5,2.5,2.5,0.0,2.5
Agencias de viajes,Credito,Azteca,2.5,2.5,2.5,0.0,2.5
Agencias de viajes,Credito,Intercam Banco,2.54,2.1,2.95,0.33,2.4
Agencias de viajes,Credito,Bajío,2.55,1.58,4.0,0.52,2.9
Agencias de viajes,Credito,Bzpay,2.63,2.4,3.25,0.31,2.5
Agencias de viajes,Credito,Velpay,2.8,2.8,2.8,0.0,2.8
Agencias de viajes,Credito,Mercado Pago,3.21,1.8,3.5,0.31,2.99
Agencias de viajes,Credito,Espiral,3.21,2.99,3.5,0.26,2.99
Agencias de viajes,Credito,Paypal,3.25,2.15,3.65,0.48,3.42
Agencias de viajes,Credito,PayU Digicuenta,3.44,2.1,3.5,0.21,3.5
Agencias de viajes,Credito,Pocket,3.49,2.1,3.5,0.09,3.5
Agencias de viajes,Credito,Pago Fácil,3.5,3.5,3.5,0.0,3.5
Agencias de viajes,Credito,Sr. Pago,3.5,3.5,3.5,0.0,3.5
Agencias de viajes,Credito,Stripe,3.6,2.3,3.6,0.06,3.6
Agencias de viajes,Credito,Clip,3.6,2.9,3.6,0.0,3.6
Agencias de viajes,Debito,EVO,1.33,1.15,2.0,0.19,1.2
Agencias de viajes,Debito,Inbursa,1.52,1.15,1.92,0.1,1.49
Agencias de viajes,Debito,BBVA Bancomer,1.62,1.1,1.7,0.15,1.7
Agencias de viajes,Debito,Banorte,1.66,1.1,2.3,0.32,2.0
Agencias de viajes,Debito,Autofin,1.71,1.4,2.0,0.25,1.4
Agencias de viajes,Debito,Getnet,1.73,1.15,3.5,0.37,1.53
Agencias de viajes,Debito,Mifel,1.83,1.2,2.5,0.53,1.24
Agencias de viajes,Debito,Afirme,1.86,1.1,3.15,0.29,1.8
Agencias de viajes,Debito,Multiva,1.87,1.4,2.12,0.26,2.12
Agencias de viajes,Debito,Adyen,1.88,1.7,2.25,0.26,1.7
Agencias de viajes,Debito,Ebanx,1.95,1.95,1.95,0.0,1.95
Agencias de viajes,Debito,Banregio,1.97,1.1,3.13,0.6,2.5
Agencias de viajes,Debito,Bzpay,2.11,1.73,2.4,0.3,2.4
Agencias de viajes,Debito,Dlocal,2.15,2.15,2.15,0.0,2.15
Agencias de viajes,Debito,Fiserv,2.16,1.3,2.75,0.32,2.21
Agencias de viajes,Debito,Intercam Banco,2.21,1.6,2.95,0.6,1.7
Agencias de viajes,Debito,Bajío,2.43,1.2,4.0,0.56,2.7
Agencias de viajes,Debito,Bansí,2.5,2.5,2.5,0.0,2.5
Agencias de viajes,Debito,Azteca,2.51,2.4,2.8,0.14,2.4
Agencias de viajes,Debito,Mercado Pago,2.74,1.25,3.5,0.83,1.69
Agencias de viajes,Debito,Velpay,2.8,2.8,2.8,0.0,2.8
Agencias de viajes,Debito,Espiral,3.21,2.99,3.5,0.26,2.99
Agencias de viajes,Debito,Paypal,3.25,2.15,3.65,0.48,3.42
Agencias de viajes,Debito,PayU Digicuenta,3.4,2.1,3.5,0.24,3.5
Agencias de viajes,Debito,Pocket,3.48,1.25,3.5,0.16,3.5
Agencias de viajes,Debito,Pago Fácil,3.5,3.5,3.5,0.0,3.5
Agencias de viajes,Debito,Sr. Pago,3.5,3.5,3.5,0.0,3.5
Agencias de viajes,Debito,Stripe,3.6,2.3,3.6,0.06,3.6
Agencias de viajes,Debito,Clip,3.6,2.9,3.6,0.0,3.6
Agregadores,Credito,Adyen,2.17,1.78,2.55,0.21,2.0
Agregadores,Credito,Smart Payment,2.34,1.8,3.0,0.25,2.2
Agregadores,Credito,Fiserv,2.35,1.76,3.0,0.33,2.69
Agregadores,Credito,Bzpay,2.48,1.29,3.35,0.37,2.5
Agregadores,Credito,Velpay,2.48,1.8,3.4,0.37,2.5
Agregadores,Credito,Dlocal,2.6,2.0,3.4,0.49,2.6
Agregadores,Credito,Ebanx,2.62,2.0,3.43,0.39,2.88
Agregadores,Credito,Xaldo,2.64,2.35,2.9,0.23,2.7
Agregadores,Credito,Cyborgbeat,2.87,2.1,3.6,0.34,2.9
Agregadores,Credito,Adquira,2.97,1.83,2.99,0.11,2.99
Agregadores,Credito,OEL,2.99,1.9,3.7,0.47,3.6
Agregadores,Credito,MerIT,2.99,1.85,4.8,0.39,2.9
Agregadores,Credito,EMS,3.01,1.2,3.95,0.71,3.95
Agregadores,Credito,Pago Fácil,3.1,2.4,3.5,0.51,3.5
Agregadores,Credito,Sr. Pago,3.19,2.9,3.6,0.34,2.9
Agregadores,Credito,Mercado Pago,3.23,1.69,3.79,0.3,3.49
Agregadores,Credito,Espiral,3.24,2.99,3.5,0.26,2.99
Agregadores,Credito,PayU Digicuenta,3.47,1.8,3.5,0.16,3.5
Agregadores,Credito,Pocket,3.47,1.78,3.5,0.18,3.5
Agregadores,Credito,Paypal,3.49,1.76,3.95,0.08,3.5
Agregadores,Credito,Qiubo,3.5,3.5,3.5,0.0,3.5
Agregadores,Credito,Stripe,3.58,1.78,3.6,0.15,3.6
Agregadores,Credito,Clip,3.6,2.0,3.6,0.01,3.6
Agregadores,Debito,Fiserv,1.93,1.15,3.0,0.45,2.25
Agregadores,Debito,Smart Payment,1.99,1.28,3.0,0.48,1.7
Agregadores,Debito,Adyen,2.15,1.3,2.55,0.29,2.0
Agregadores,Debito,Bzpay,2.22,1.15,3.3,0.47,1.8
Agregadores,Debito,Velpay,2.23,1.15,3.4,0.57,2.3
Agregadores,Debito,Dlocal,2.25,1.3,3.4,0.62,1.5
Agregadores,Debito,Ebanx,2.27,1.72,2.88,0.32,2.1
Agregadores,Debito,Xaldo,2.64,2.35,2.9,0.23,2.7
Agregadores,Debito,Cyborgbeat,2.85,1.9,3.6,0.34,2.9
Agregadores,Debito,Mercado Pago,2.91,1.2,3.79,0.75,3.49
Agregadores,Debito,EMS,2.92,1.2,3.95,0.8,3.95
Agregadores,Debito,OEL,2.95,1.45,3.7,0.55,3.6
Agregadores,Debito,Adquira,2.96,1.35,2.99,0.18,2.99
Agregadores,Debito,MerIT,2.99,1.8,4.8,0.39,2.9
Agregadores,Debito,Paypal,3.01,1.15,3.95,0.82,3.5
Agregadores,Debito,Pago Fácil,3.1,2.4,3.5,0.51,3.5
Agregadores,Debito,Sr. Pago,3.19,2.9,3.6,0.34,2.9
Agregadores,Debito,Espiral,3.24,2.99,3.5,0.26,2.99
Agregadores,Debito,Pocket,3.43,1.15,3.5,0.34,3.5
Agregadores,Debito,PayU Digicuenta,3.46,1.8,3.5,0.16,3.5
Agregadores,Debito,Qiubo,3.5,3.5,3.5,0.0,3.5
Agregadores,Debito,Stripe,3.58,1.2,3.6,0.15,3.6
Agregadores,Debito,Clip,3.6,2.0,3.6,0.01,3.6
Aseguradoras,Credito,Afirme,1.88,1.7,2.4,0.13,1.8
Aseguradoras,Credito,Multiva,1.88,1.59,2.75,0.4,1.72
Aseguradoras,Credito,Autofin,1.93,1.8,2.0,0.12,2.0
Aseguradoras,Credito,Banorte,1.96,1.58,2.53,0.28,1.62
Aseguradoras,Credito,BBVA Bancomer,2.0,1.55,2.36,0.27,2.25
Aseguradoras,Credito,Fiserv,2.03,1.8,3.0,0.26,1.87
Aseguradoras,Credito,Getnet,2.06,1.55,3.5,0.23,2.19
Aseguradoras,Credito,EVO,2.07,1.76,2.4,0.21,1.96
Aseguradoras,Credito,Bajío,2.1,1.6,3.5,0.51,1.9
Aseguradoras,Credito,Inbursa,2.1,1.7,2.5,0.05,2.1
Aseguradoras,Credito,Banregio,2.14,1.64,2.8,0.49,2.8
Aseguradoras,Credito,Azteca,2.5,2.5,2.5,0.0,2.5
Aseguradoras,Credito,Mifel,2.7,2.5,2.8,0.17,2.8
Aseguradoras,Credito,Dlocal,3.2,3.2,3.2,0.0,3.2
Aseguradoras,Credito,Mercado Pago,3.21,1.82,3.5,0.31,2.99
Aseguradoras,Credito,Espiral,3.24,2.99,3.5,0.36,2.99
Aseguradoras,Credito,Paypal,3.26,2.78,3.65,0.34,3.02
Aseguradoras,Credito,PayU Digicuenta,3.49,3.0,3.5,0.08,3.5
Aseguradoras,Credito,Pocket,3.49,2.7,3.5,0.07,3.5
Aseguradoras,Credito,Pago Fácil,3.5,3.5,3.5,0.0,3.5
Aseguradoras,Credito,Stripe,3.59,2.6,3.6,0.1,3.6
Aseguradoras,Credito,Clip,3.6,3.6,3.6,0.0,3.6
Aseguradoras,Debito,Multiva,1.45,1.43,1.59,0.06,1.43
Aseguradoras,Debito,EVO,1.54,1.15,2.18,0.31,2.05
Aseguradoras,Debito,Mifel,1.56,1.5,2.5,0.22,1.5
Aseguradoras,Debito,BBVA Bancomer,1.57,1.15,1.75,0.18,1.75
Aseguradoras,Debito,Afirme,1.62,1.45,2.3,0.19,1.45
Aseguradoras,Debito,Getnet,1.63,1.2,3.5,0.23,1.74
Aseguradoras,Debito,Banorte,1.66,1.2,2.25,0.23,1.57
Aseguradoras,Debito,Banregio,1.77,1.15,2.55,0.51,2.4
Aseguradoras,Debito,Fiserv,1.84,1.6,3.0,0.34,1.6
Aseguradoras,Debito,Inbursa,1.9,1.43,1.9,0.04,1.9
Aseguradoras,Debito,Autofin,1.9,1.8,2.0,0.1,1.8
Aseguradoras,Debito,Bajío,2.07,1.5,3.5,0.51,1.6
Aseguradoras,Debito,Azteca,2.48,2.4,2.5,0.04,2.5
Aseguradoras,Debito,Mercado Pago,2.74,1.69,3.5,0.83,1.69
Aseguradoras,Debito,Dlocal,3.2,3.2,3.2,0.0,3.2
Aseguradoras,Debito,Espiral,3.24,2.99,3.5,0.36,2.99
Aseguradoras,Debito,Paypal,3.26,2.78,3.65,0.34,3.02
Aseguradoras,Debito,PayU Digicuenta,3.47,3.0,3.5,0.11,3.5
Aseguradoras,Debito,Pocket,3.49,2.7,3.5,0.07,3.5
Aseguradoras,Debito,Pago Fácil,3.5,3.5,3.5,0.0,3.5
Aseguradoras,Debito,Stripe,3.59,2.6,3.6,0.1,3.6
Aseguradoras,Debito,Clip,3.6,3.6,3.6,0.0,3.6
Beneficencia,Credito,BBVA Bancomer,0.0,0.0,0.0,0.0,0.0
Beneficencia,Credito,Autofin,0.0,0.0,0.0,0.0,0.0
Beneficencia,Credito,Multiva,0.0,0.0,0.0,0.0,0.0
Beneficencia,Credito,Banregio,0.16,0.0,0.8,0.21,0.0
Beneficencia,Credito,Azteca,0.6,0.0,1.8,0.9,0.0
Beneficencia,Credito,Banorte,0.76,0.0,2.5,0.57,1.0
Beneficencia,Credito,Inbursa,0.86,0.1,2.04,0.72,0.36
Beneficencia,Credito,Afirme,0.92,0.0,2.3,1.01,0.0
Beneficencia,Credito,Mifel,1.0,0.0,2.8,0.92,1.85
Beneficencia,Credito,Bajío,1.23,0.01,2.0,0.72,2.0
Beneficencia,Credito,EVO,1.84,1.8,2.56,0.17,1.8
Beneficencia,Credito,Getnet,2.16,1.84,3.5,0.39,1.95
Beneficencia,Credito,Fiserv,2.31,1.8,2.65,0.29,2.25
Beneficencia,Credito,Bzpay,2.8,2.8,2.8,0.0,2.8
Beneficencia,Credito,Velpay,3.0,3.0,3.0,0.0,3.0
Beneficencia,Credito,Espiral,3.33,2.99,3.5,0.29,3.5
Beneficencia,Credito,Paypal,3.47,2.07,3.65,0.09,3.5
Beneficencia,Credito,PayU Digicuenta,3.47,2.2,3.5,0.18,3.5
Beneficencia,Credito,Pocket,3.48,2.2,3.5,0.14,3.5
Beneficencia,Credito,Stripe,3.6,2.75,3.6,0.03,3.6
Beneficencia,Credito,Clip,3.6,3.6,3.6,0.0,3.6
Beneficencia,Debito,BBVA Bancomer,0.0,0.0,0.0,0.0,0.0
Beneficencia,Debito,Autofin,0.0,0.0,0.0,0.0,0.0
Beneficencia,Debito,Multiva,0.0,0.0,0.0,0.0,0.0
Beneficencia,Debito,Banregio,0.18,0.0,0.8,0.21,0.0
Beneficencia,Debito,Afirme,0.28,0.0,1.0,0.39,0.0
Beneficencia,Debito,Azteca,0.35,0.0,1.05,0.52,0.0
Beneficencia,Debito,Inbursa,0.74,0.1,1.57,0.53,0.36
Beneficencia,Debito,Banorte,0.74,0.0,2.5,0.55,0.0
Beneficencia,Debito,Mifel,1.12,0.0,2.5,0.91,1.85
Beneficencia,Debito,Bajío,1.21,0.01,2.0,0.71,1.2
Beneficencia,Debito,EVO,1.36,1.3,1.89,0.18,1.3
Beneficencia,Debito,Fiserv,1.5,1.2,2.35,0.24,1.5
Beneficencia,Debito,Getnet,1.54,1.15,3.5,0.56,1.18
Beneficencia,Debito,Bzpay,2.8,2.8,2.8,0.0,2.8
Beneficencia,Debito,Velpay,3.0,3.0,3.0,0.0,3.0
Beneficencia,Debito,Espiral,3.33,2.99,3.5,0.29,3.5
Beneficencia,Debito,PayU Digicuenta,3.46,2.2,3.5,0.19,3.5
Beneficencia,Debito,Paypal,3.47,2.07,3.65,0.09,3.5
Beneficencia,Debito,Pocket,3.48,1.69,3.5,0.17,3.5
Beneficencia,Debito,Stripe,3.6,2.75,3.6,0.03,3.6
Beneficencia,Debito,Clip,3.6,3.6,3.6,0.0,3.6
Colegios y universidades,Credito,Intercam Banco,1.3,1.3,1.3,0.0,1.3
Colegios y universidades,Credito,Multiva,1.68,1.15,2.38,0.42,1.85
Colegios y universidades,Credito,BBVA Bancomer,1.69,1.17,1.85,0.21,1.85
Colegios y universidades,Credito,Inbursa,1.71,1.21,1.8,0.14,1.8
Colegios y universidades,Credito,Banorte,1.74,1.12,2.25,0.29,1.55
Colegios y universidades,Credito,Mifel,1.8,1.15,2.8,0.4,1.75
Colegios y universidades,Credito,EVO,1.83,1.8,2.25,0.09,1.8
Colegios y universidades,Credito,Banregio,1.94,1.22,2.76,0.63,2.76
Colegios y universidades,Credito,Afirme,1.94,1.25,2.65,0.42,2.4
Colegios y universidades,Credito,Autofin,2.0,2.0,2.0,0.0,2.0
Colegios y universidades,Credito,Getnet,2.04,1.25,3.5,0.27,1.85
Colegios y universidades,Credito,Bajío,2.11,1.15,4.0,0.62,2.4
Colegios y universidades,Credito,Fiserv,2.12,1.77,2.9,0.2,2.1
Colegios y universidades,Credito,Azteca,2.32,1.54,2.5,0.32,2.5
Colegios y universidades,Credito,Bansí,2.33,2.0,2.5,0.29,2.5
Colegios y universidades,Credito,Velpay,2.34,2.34,2.34,0.0,2.34
Colegios y universidades,Credito,Pago Fácil,3.0,2.5,3.5,0.5,3.5
Colegios y universidades,Credito,Paypal,3.01,1.97,3.65,0.81,3.42
Colegios y universidades,Credito,Espiral,3.24,2.99,3.5,0.27,2.99
Colegios y universidades,Credito,OEL,3.4,3.4,3.4,0.0,3.4
Colegios y universidades,Credito,PayU Digicuenta,3.45,2.0,3.5,0.2,3.5
Colegios y universidades,Credito,Pocket,3.48,1.9,3.5,0.17,3.5
Colegios y universidades,Credito,Sr. Pago,3.5,3.5,3.5,0.0,3.5
Colegios y universidades,Credito,Stripe,3.59,1.79,3.6,0.13,3.6
Colegios y universidades,Credito,Clip,3.6,3.0,3.6,0.0,3.6
Colegios y universidades,Debito,Intercam Banco,1.2,1.2,1.2,0.0,1.2
Colegios y universidades,Debito,Inbursa,1.21,0.82,1.35,0.15,1.35
Colegios y universidades,Debito,Afirme,1.24,0.85,1.65,0.24,1.1
Colegios y universidades,Debito,BBVA Bancomer,1.28,0.75,1.35,0.13,1.35
Colegios y universidades,Debito,Banorte,1.31,0.75,1.95,0.28,1.6
Colegios y universidades,Debito,EVO,1.32,1.15,2.0,0.11,1.3
Colegios y universidades,Debito,Multiva,1.4,0.75,1.98,0.41,1.58
Colegios y universidades,Debito,Getnet,1.49,1.15,3.5,0.32,1.42
Colegios y universidades,Debito,Mifel,1.55,0.95,2.5,0.44,1.4
Colegios y universidades,Debito,Velpay,1.57,1.25,2.34,0.32,1.5
Colegios y universidades,Debito,Banregio,1.58,0.85,2.76,0.59,2.15
Colegios y universidades,Debito,Fiserv,1.73,1.2,2.9,0.34,1.75
Colegios y universidades,Debito,Autofin,1.8,1.8,1.8,0.0,1.8
Colegios y universidades,Debito,Bajío,1.92,0.75,4.0,0.67,2.5
Colegios y universidades,Debito,Bansí,2.0,1.5,2.5,0.71,2.5
Colegios y universidades,Debito,Azteca,2.23,1.07,2.5,0.38,2.4
Colegios y universidades,Debito,Pago Fácil,3.0,2.5,3.5,0.5,3.5
Colegios y universidades,Debito,Paypal,3.01,1.97,3.65,0.81,3.42
Colegios y universidades,Debito,Espiral,3.24,2.99,3.5,0.27,2.99
Colegios y universidades,Debito,OEL,3.4,3.4,3.4,0.0,3.4
Colegios y universidades,Debito,PayU Digicuenta,3.47,2.2,3.5,0.16,3.5
Colegios y universidades,Debito,Pocket,3.48,1.9,3.5,0.17,3.5
Colegios y universidades,Debito,Sr. Pago,3.5,3.5,3.5,0.0,3.5
Colegios y universidades,Debito,Stripe,3.59,1.79,3.6,0.13,3.6
Colegios y universidades,Debito,Clip,3.6,3.0,3.6,0.0,3.6
Comida rápida,Credito,Afirme,1.91,1.2,2.65,0.38,1.9
Comida rápida,Credito,Banregio,1.92,1.2,2.9,0.61,1.3
Comida rápida,Credito,Mifel,2.0,1.17,2.8,0.41,2.5
Comida rápida,Credito,Intercam Banco,2.0,1.45,2.9,0.43,2.25
Comida rápida,Credito,Adyen,2.07,2.0,2.15,0.08,2.0
Comida rápida,Credito,Multiva,2.09,1.25,2.85,0.41,2.27
Comida rápida,Credito,EVO,2.1,1.77,3.03,0.15,2.18
Comida rápida,Credito,Banorte,2.12,1.17,3.11,0.38,1.99
Comida rápida,Credito,Getnet,2.13,1.3,3.5,0.33,2.0
Comida rápida,Credito,BBVA Bancomer,2.18,1.17,2.31,0.19,2.25
Comida rápida,Credito,Dlocal,2.2,2.2,2.2,0.0,2.2
Comida rápida,Credito,Smart Payment,2.22,1.95,2.4,0.12,2.2
Comida rápida,Credito,Bansí,2.25,2.2,2.5,0.12,2.2
Comida rápida,Credito,Fiserv,2.28,1.78,3.0,0.24,2.35
Comida rápida,Credito,Inbursa,2.33,1.28,2.45,0.23,2.45
Comida rápida,Credito,Autofin,2.37,1.17,2.8,0.51,2.25
Comida rápida,Credito,Bajío,2.38,1.2,4.0,0.55,2.9
Comida rápida,Credito,Bzpay,2.4,1.8,3.35,0.49,2.1
Comida rápida,Credito,Velpay,2.44,1.9,3.1,0.27,2.3
Comida rápida,Credito,Azteca,2.49,1.5,2.5,0.12,2.5
Comida rápida,Credito,OEL,2.99,1.9,3.6,0.53,3.6
Comida rápida,Credito,Paypal,3.13,3.13,3.13,0.0,3.13
Comida rápida,Credito,Espiral,3.32,2.99,3.5,0.25,3.5
Comida rápida,Credito,PayU Digicuenta,3.41,2.0,3.5,0.3,3.5
Comida rápida,Credito,Pago Fácil,3.42,3.2,3.5,0.15,3.5
Comida rápida,Credito,Pocket,3.42,1.79,3.5,0.32,3.5
Comida rápida,Credito,Sr. Pago,3.5,3.5,3.5,0.0,3.5
Comida rápida,Credito,Stripe,3.6,3.6,3.6,0.0,3.6
Comida rápida,Credito,Clip,3.6,2.0,3.6,0.0,3.6
Comida rápida,Credito,EMS,3.95,3.95,3.95,0.0,3.95
Comida rápida,Debito,Afirme,1.24,0.9,1.65,0.18,1.3
Comida rápida,Debito,BBVA Bancomer,1.25,0.78,1.35,0.16,1.35
Comida rápida,Debito,Inbursa,1.42,1.02,1.45,0.08,1.45
Comida rápida,Debito,EVO,1.49,1.18,3.1,0.1,1.5
Comida rápida,Debito,Banregio,1.54,0.76,2.9,0.6,2.4
Comida rápida,Debito,Dlocal,1.58,1.3,1.95,0.33,1.5
Comida rápida,Debito,Autofin,1.61,0.75,2.1,0.52,1.4
Comida rápida,Debito,Banorte,1.63,0.75,2.45,0.36,1.99
Comida rápida,Debito,Multiva,1.68,0.96,2.41,0.4,1.32
Comida rápida,Debito,Mifel,1.73,0.95,2.5,0.48,2.5
Comida rápida,Debito,Getnet,1.73,1.15,3.5,0.39,1.65
Comida rápida,Debito,Smart Payment,1.77,1.45,2.4,0.27,1.6
Comida rápida,Debito,Intercam Banco,1.81,1.0,2.5,0.43,1.45
Comida rápida,Debito,Fiserv,1.94,1.15,2.69,0.43,1.55
Comida rápida,Debito,Velpay,2.0,1.3,3.1,0.56,1.3
Comida rápida,Debito,Adyen,2.0,1.7,2.3,0.3,1.7
Comida rápida,Debito,Bzpay,2.03,1.6,3.3,0.39,1.7
Comida rápida,Debito,Bajío,2.19,0.9,4.0,0.65,2.4
Comida rápida,Debito,Bansí,2.29,2.2,2.5,0.14,2.2
Comida rápida,Debito,Azteca,2.46,1.1,2.5,0.17,2.5
Comida rápida,Debito,OEL,2.95,1.5,3.6,0.61,3.6
Comida rápida,Debito,Paypal,3.13,3.13,3.13,0.0,3.13
Comida rápida,Debito,EMS,3.27,1.9,3.95,1.18,3.95
Comida rápida,Debito,Espiral,3.32,2.99,3.5,0.25,3.5
Comida rápida,Debito,Pocket,3.4,1.15,3.5,0.41,3.5
Comida rápida,Debito,Pago Fácil,3.42,3.2,3.5,0.15,3.5
Comida rápida,Debito,PayU Digicuenta,3.42,2.0,3.5,0.27,3.5
Comida rápida,Debito,Sr. Pago,3.5,3.5,3.5,0.0,3.5
Comida rápida,Debito,Stripe,3.6,3.6,3.6,0.0,3.6
Comida rápida,Debito,Clip,3.6,2.0,3.6,0.0,3.6
Educación básica,Credito,Banregio,1.03,0.1,2.3,0.82,0.13
Educación básica,Credito,Banorte,1.09,0.0,1.79,0.45,0.75
Educación básica,Credito,Multiva,1.16,0.7,1.6,0.31,1.6
Educación básica,Credito,Afirme,1.3,0.0,1.7,0.48,1.7
Educación básica,Credito,BBVA Bancomer,1.46,0.0,1.88,0.29,1.2
Educación básica,Credito,Inbursa,1.55,0.07,1.8,0.45,1.8
Educación básica,Credito,Bajío,1.61,0.4,2.3,0.4,1.2
Educación básica,Credito,Mifel,1.85,0.0,2.8,0.63,2.5
Educación básica,Credito,EVO,1.85,1.8,2.53,0.11,1.8
Educación básica,Credito,Getnet,2.13,1.15,3.5,0.33,2.5
Educación básica,Credito,Bzpay,2.16,1.29,3.3,0.53,2.2
Educación básica,Credito,Fiserv,2.26,1.8,2.9,0.3,2.0
Educación básica,Credito,Banjército,2.35,1.9,2.5,0.3,2.5
Educación básica,Credito,Azteca,2.36,1.8,2.5,0.28,2.5
Educación básica,Credito,Bansí,2.5,2.5,2.5,0.0,2.5
Educación básica,Credito,Ebanx,2.71,2.6,2.83,0.13,2.6
Educación básica,Credito,EMS,2.8,2.8,2.8,0.0,2.8
Educación básica,Credito,Espiral,3.28,2.99,3.5,0.27,3.5
Educación básica,Credito,PayU Digicuenta,3.48,2.0,3.5,0.12,3.5
Educación básica,Credito,Pocket,3.48,1.79,3.5,0.13,3.5
Educación básica,Credito,Paypal,3.5,1.92,3.65,0.07,3.5
Educación básica,Credito,Pago Fácil,3.5,3.5,3.5,0.0,3.5
Educación básica,Credito,Sr. Pago,3.5,3.5,3.5,0.0,3.5
Educación básica,Credito,Stripe,3.6,2.55,3.6,0.02,3.6
Educación básica,Credito,Clip,3.6,3.6,3.6,0.0,3.6
Educación básica,Debito,Banregio,0.72,0.1,1.7,0.55,0.39
Educación básica,Debito,Inbursa,1.18,0.85,1.35,0.16,1.35
Educación básica,Debito,EVO,1.33,1.15,2.5,0.09,1.3
Educación básica,Debito,Getnet,1.52,1.15,3.5,0.42,1.15
Educación básica,Debito,Mifel,1.68,0.0,2.5,0.64,2.5
Educación básica,Debito,Fiserv,1.83,1.18,2.9,0.36,1.7
Educación básica,Debito,Bzpay,1.98,1.19,2.9,0.56,2.2
Educación básica,Debito,Ebanx,2.2,2.1,2.29,0.1,2.1
Educación básica,Debito,Azteca,2.32,1.8,2.5,0.26,2.5
Educación básica,Debito,Bansí,2.5,2.5,2.5,0.0,2.5
Educación básica,Debito,EMS,2.8,2.8,2.8,0.0,2.8
Educación básica,Debito,Espiral,3.28,2.99,3.5,0.27,3.5
Educación básica,Debito,PayU Digicuenta,3.48,2.7,3.5,0.09,3.5
Educación básica,Debito,Pocket,3.48,1.2,3.5,0.18,3.5
Educación básica,Debito,Paypal,3.5,1.92,3.65,0.07,3.5
Educación básica,Debito,Pago Fácil,3.5,3.5,3.5,0.0,3.5
Educación básica,Debito,Sr. Pago,3.5,3.5,3.5,0.0,3.5
Educación básica,Debito,Stripe,3.6,2.55,3.6,0.02,3.6
Educación básica,Debito,Clip,3.6,3.6,3.6,0.0,3.6
Entretenimiento,Credito,Banregio,1.7,1.17,2.66,0.55,1.31
Entretenimiento,Credito,Intercam Banco,1.78,1.6,2.5,0.19,1.7
Entretenimiento,Credito,Adyen,1.8,1.8,1.8,0.0,1.8
Entretenimiento,Credito,BBVA Bancomer,1.9,1.2,2.07,0.23,2.07
Entretenimiento,Credito,Banorte,1.92,1.17,2.37,0.29,2.27
Entretenimiento,Credito,Afirme,1.96,1.19,3.9,0.4,2.4
Entretenimiento,Credito,Multiva,1.97,1.3,2.82,0.37,2.0
Entretenimiento,Credito,Ebanx,2.0,2.0,2.0,0.0,2.0
Entretenimiento,Credito,EVO,2.01,1.8,2.9,0.13,1.95
Entretenimiento,Credito,Autofin,2.05,1.55,2.3,0.43,2.3
Entretenimiento,Credito,Mifel,2.07,1.4,2.8,0.4,2.5
Entretenimiento,Credito,Getnet,2.15,1.18,3.5,0.34,2.3
Entretenimiento,Credito,Inbursa,2.16,1.42,2.35,0.26,2.35
Entretenimiento,Credito,Azteca,2.26,1.56,2.6,0.27,2.5
Entretenimiento,Credito,Fiserv,2.28,1.78,3.0,0.3,2.5
Entretenimiento,Credito,Velpay,2.3,2.3,2.3,0.0,2.3
Entretenimiento,Credito,Bzpay,2.37,1.82,3.35,0.47,2.3
Entretenimiento,Credito,Bajío,2.45,1.2,4.0,0.53,2.9
Entretenimiento,Credito,Bansí,2.5,2.5,2.5,0.0,2.5
Entretenimiento,Credito,Smart Payment,2.95,2.95,2.95,0.0,2.95
Entretenimiento,Credito,Mercado Pago,3.2,1.69,3.5,0.37,3.49
Entretenimiento,Credito,EMS,3.23,1.6,3.95,1.06,3.95
Entretenimiento,Credito,Espiral,3.26,2.99,3.5,0.26,3.5
Entretenimiento,Credito,Pago Fácil,3.39,3.0,3.5,0.22,3.5
Entretenimiento,Credito,Pocket,3.46,1.79,3.5,0.21,3.5
Entretenimiento,Credito,PayU Digicuenta,3.47,1.8,3.5,0.16,3.5
Entretenimiento,Credito,Cyborgbeat,3.5,3.5,3.5,0.0,3.5
Entretenimiento,Credito,Paypal,3.5,2.3,3.65,0.07,3.5
Entretenimiento,Credito,Sr. Pago,3.5,3.5,3.5,0.0,3.5
Entretenimiento,Credito,Stripe,3.58,2.0,3.6,0.15,3.6
Entretenimiento,Credito,Clip,3.6,2.8,3.6,0.01,3.6
Entretenimiento,Debito,Intercam Banco,1.37,1.19,2.0,0.29,1.2
Entretenimiento,Debito,EVO,1.45,1.15,2.15,0.15,1.45
Entretenimiento,Debito,Autofin,1.53,1.38,1.6,0.13,1.6
Entretenimiento,Debito,Getnet,1.55,1.15,3.5,0.34,1.54
Entretenimiento,Debito,BBVA Bancomer,1.58,1.1,1.7,0.17,1.7
Entretenimiento,Debito,Afirme,1.58,1.1,3.15,0.35,1.8
Entretenimiento,Debito,Banregio,1.59,1.1,2.66,0.57,1.19
Entretenimiento,Debito,Inbursa,1.66,1.2,1.7,0.08,1.7
Entretenimiento,Debito,Banorte,1.69,1.1,2.3,0.28,2.0
Entretenimiento,Debito,Multiva,1.71,1.27,2.12,0.25,2.0
Entretenimiento,Debito,Fiserv,1.72,1.19,3.0,0.31,1.6
Entretenimiento,Debito,Adyen,1.83,1.55,2.1,0.39,2.1
Entretenimiento,Debito,Mifel,1.87,1.2,2.5,0.43,2.5
Entretenimiento,Debito,Ebanx,2.0,2.0,2.0,0.0,2.0
Entretenimiento,Debito,Azteca,2.06,1.38,2.5,0.41,1.6
Entretenimiento,Debito,Bzpay,2.08,1.68,2.8,0.37,2.0
Entretenimiento,Debito,Velpay,2.3,2.3,2.3,0.0,2.3
Entretenimiento,Debito,Bajío,2.32,1.14,4.0,0.59,2.7
Entretenimiento,Debito,Bansí,2.5,2.5,2.5,0.0,2.5
Entretenimiento,Debito,Mercado Pago,2.9,1.2,3.5,0.77,3.49
Entretenimiento,Debito,Smart Payment,2.95,2.95,2.95,0.0,2.95
Entretenimiento,Debito,EMS,3.23,1.6,3.95,1.06,3.95
Entretenimiento,Debito,Espiral,3.26,2.99,3.5,0.26,3.5
Entretenimiento,Debito,Pago Fácil,3.39,3.0,3.5,0.22,3.5
Entretenimiento,Debito,Pocket,3.45,1.15,3.5,0.26,3.5
Entretenimiento,Debito,PayU Digicuenta,3.46,1.8,3.5,0.16,3.5
Entretenimiento,Debito,Paypal,3.49,1.6,3.65,0.08,3.5
Entretenimiento,Debito,Cyborgbeat,3.5,3.5,3.5,0.0,3.5
Entretenimiento,Debito,Sr. Pago,3.5,3.5,3.5,0.0,3.5
Entretenimiento,Debito,Stripe,3.58,1.2,3.6,0.16,3.6
Entretenimiento,Debito,Clip,3.6,2.8,3.6,0.01,3.6
Estacionamientos,Credito,Banregio,1.77,1.33,2.51,0.46,1.45
Estacionamientos,Credito,BBVA Bancomer,1.85,1.35,1.92,0.17,1.92
Estacionamientos,Credito,Afirme,1.85,1.3,2.4,0.78,2.4
Estacionamientos,Credito,Banorte,1.86,1.3,2.37,0.26,2.17
Estacionamientos,Credito,Multiva,1.91,1.2,1.95,0.17,1.95
Estacionamientos,Credito,EVO,1.98,1.8,2.5,0.21,1.8
Estacionamientos,Credito,Inbursa,2.02,1.57,2.2,0.26,2.2
Estacionamientos,Credito,EMS,2.23,2.23,2.23,0.0,2.23
Estacionamientos,Credito,Getnet,2.32,1.8,3.5,0.39,2.3
Estacionamientos,Credito,Bajío,2.45,1.6,2.9,0.39,2.6
Estacionamientos,Credito,Mifel,2.5,2.5,2.5,0.0,2.5
Estacionamientos,Credito,Azteca,2.5,2.5,2.5,0.0,2.5
Estacionamientos,Credito,Fiserv,2.57,2.3,2.81,0.22,2.3
Estacionamientos,Credito,PayU Digicuenta,2.86,2.2,3.5,0.53,3.5
Estacionamientos,Credito,OEL,3.3,3.0,3.5,0.27,3.5
Estacionamientos,Credito,Pocket,3.5,3.5,3.5,0.0,3.5
Estacionamientos,Credito,Stripe,3.6,3.6,3.6,0.0,3.6
Estacionamientos,Credito,Clip,3.6,3.6,3.6,0.0,3.6
Estacionamientos,Debito,EVO,1.4,1.2,1.9,0.2,1.25
Estacionamientos,Debito,Multiva,1.46,1.2,1.95,0.25,1.35
Estacionamientos,Debito,BBVA Bancomer,1.55,1.12,1.6,0.13,1.6
Estacionamientos,Debito,Banregio,1.65,1.25,2.4,0.48,1.25
Estacionamientos,Debito,Inbursa,1.69,1.5,1.75,0.09,1.75
Estacionamientos,Debito,Getnet,1.77,1.44,3.5,0.45,1.55
Estacionamientos,Debito,Banorte,1.78,1.3,2.7,0.29,1.95
Estacionamientos,Debito,Afirme,1.85,1.8,1.9,0.07,1.8
Estacionamientos,Debito,Mifel,2.17,1.5,2.5,0.58,2.5
Estacionamientos,Debito,Fiserv,2.18,1.41,2.86,0.53,2.3
Estacionamientos,Debito,EMS,2.23,2.23,2.23,0.0,2.23
Estacionamientos,Debito,Bajío,2.39,1.35,3.4,0.47,2.4
Estacionamientos,Debito,Azteca,2.47,2.4,2.5,0.05,2.5
Estacionamientos,Debito,PayU Digicuenta,2.68,2.2,3.0,0.43,3.0
Estacionamientos,Debito,OEL,3.3,3.0,3.5,0.27,3.5
Estacionamientos,Debito,Pocket,3.5,3.5,3.5,0.0,3.5
Estacionamientos,Debito,Stripe,3.6,3.6,3.6,0.0,3.6
Estacionamientos,Debito,Clip,3.6,3.6,3.6,0.0,3.6
Farmacias,Credito,Adyen,1.78,1.78,1.78,0.0,1.78
Farmacias,Credito,BBVA Bancomer,1.93,1.3,2.23,0.27,2.23
Farmacias,Credito,Banorte,1.93,1.3,2.53,0.31,1.77
Farmacias,Credito,Banregio,1.95,1.32,2.62,0.5,2.62
Farmacias,Credito,Multiva,1.95,1.3,2.77,0.34,1.88
Farmacias,Credito,Mifel,2.0,1.38,2.8,0.4,2.5
Farmacias,Credito,Getnet,2.08,1.35,3.5,0.34,1.89
Farmacias,Credito,Afirme,2.09,1.3,3.9,0.33,2.4
Farmacias,Credito,Inbursa,2.11,1.35,2.4,0.31,2.4
Farmacias,Credito,Autofin,2.23,1.98,2.6,0.17,2.35
Farmacias,Credito,EVO,2.24,1.78,3.0,0.18,2.23
Farmacias,Credito,Intercam Banco,2.36,1.61,2.95,0.34,2.3
Farmacias,Credito,Fiserv,2.38,1.85,2.86,0.25,2.48
Farmacias,Credito,Azteca,2.43,1.53,2.5,0.22,2.5
Farmacias,Credito,Bajío,2.47,1.3,4.0,0.54,2.9
Farmacias,Credito,Bzpay,2.49,2.3,2.5,0.05,2.5
Farmacias,Credito,Pago Fácil,2.9,2.9,2.9,0.0,2.9
Farmacias,Credito,Velpay,3.0,3.0,3.0,0.0,3.0
Farmacias,Credito,EMS,3.13,2.0,3.95,0.58,3.95
Farmacias,Credito,Paypal,3.31,2.84,3.65,0.31,3.42
Farmacias,Credito,Espiral,3.32,2.99,3.5,0.25,3.5
Farmacias,Credito,PayU Digicuenta,3.44,2.3,3.5,0.2,3.5
Farmacias,Credito,Pocket,3.48,1.86,3.5,0.16,3.5
Farmacias,Credito,Sr. Pago,3.5,3.5,3.5,0.0,3.5
Farmacias,Credito,Stripe,3.6,3.6,3.6,0.0,3.6
Farmacias,Credito,Clip,3.6,3.2,3.6,0.0,3.6
Farmacias,Debito,BBVA Bancomer,1.39,1.0,1.6,0.19,1.6
Farmacias,Debito,Getnet,1.54,1.15,3.5,0.39,1.49
Farmacias,Debito,Banorte,1.56,1.0,2.2,0.27,1.4
Farmacias,Debito,Multiva,1.58,1.2,2.02,0.28,1.35
Farmacias,Debito,EVO,1.58,1.15,2.71,0.14,1.6
Farmacias,Debito,Inbursa,1.59,1.0,1.75,0.19,1.75
Farmacias,Debito,Velpay,1.59,1.3,3.0,0.69,1.3
Farmacias,Debito,Afirme,1.65,1.15,3.15,0.28,1.8
Farmacias,Debito,Banregio,1.66,1.0,2.62,0.45,2.2
Farmacias,Debito,Mifel,1.68,1.1,2.5,0.49,2.5
Farmacias,Debito,Autofin,1.85,1.5,2.3,0.36,1.6
Farmacias,Debito,Bzpay,1.86,1.4,2.3,0.18,1.8
Farmacias,Debito,Adyen,2.0,2.0,2.0,0.0,2.0
Farmacias,Debito,Fiserv,2.02,1.15,2.75,0.33,2.06
Farmacias,Debito,Intercam Banco,2.08,1.19,2.3,0.34,2.3
Farmacias,Debito,Bajío,2.27,1.03,4.0,0.63,2.7
Farmacias,Debito,Azteca,2.39,1.2,2.5,0.31,2.5
Farmacias,Debito,Pago Fácil,2.9,2.9,2.9,0.0,2.9
Farmacias,Debito,EMS,3.13,2.0,3.95,0.58,3.95
Farmacias,Debito,Pocket,3.26,1.15,3.5,0.64,3.5
Farmacias,Debito,Paypal,3.31,2.84,3.65,0.31,3.42
Farmacias,Debito,Espiral,3.32,2.99,3.5,0.25,3.5
Farmacias,Debito,PayU Digicuenta,3.37,1.99,3.5,0.28,3.5
Farmacias,Debito,Sr. Pago,3.5,3.5,3.5,0.0,3.5
Farmacias,Debito,Stripe,3.6,3.6,3.6,0.0,3.6
Farmacias,Debito,Clip,3.6,3.2,3.6,0.0,3.6
Gasolineras,Credito,Afirme,1.13,1.01,1.25,0.07,1.09
Gasolineras,Credito,Banorte,1.15,1.0,1.25,0.07,1.15
Gasolineras,Credito,Mifel,1.21,1.0,2.5,0.25,1.0
Gasolineras,Credito,BBVA Bancomer,1.22,1.0,1.25,0.06,1.25
Gasolineras,Credito,Inbursa,1.25,1.0,1.6,0.04,1.25
Gasolineras,Credito,Autofin,1.25,1.25,1.25,0.0,1.25
Gasolineras,Credito,Multiva,1.26,1.0,2.0,0.25,1.1
Gasolineras,Credito,Bajío,1.39,1.0,3.8,0.39,1.1
Gasolineras,Credito,Banregio,1.41,1.0,2.3,0.45,1.1
Gasolineras,Credito,Intercam Banco,1.45,1.1,1.7,0.22,1.6
Gasolineras,Credito,Fiserv,2.0,1.8,3.0,0.29,1.85
Gasolineras,Credito,Getnet,2.05,1.76,3.5,0.3,1.8
Gasolineras,Credito,EVO,2.08,2.08,2.08,0.0,2.08
Gasolineras,Credito,Bzpay,2.12,2.1,2.15,0.03,2.1
Gasolineras,Credito,Azteca,2.15,1.25,2.5,0.42,2.5
Gasolineras,Credito,Smart Payment,2.2,2.2,2.2,0.0,2.2
Gasolineras,Credito,EMS,2.36,1.2,3.95,0.88,1.85
Gasolineras,Credito,Pocket,3.36,1.8,3.5,0.47,3.5
Gasolineras,Credito,PayU Digicuenta,3.5,3.5,3.5,0.0,3.5
Gasolineras,Credito,Clip,3.6,3.6,3.6,0.0,3.6
Gasolineras,Debito,Afirme,0.7,0.5,0.8,0.07,0.69
Gasolineras,Debito,Banorte,0.76,0.45,0.85,0.11,0.8
Gasolineras,Debito,BBVA Bancomer,0.77,0.45,0.8,0.06,0.8
Gasolineras,Debito,Autofin,0.8,0.8,0.8,0.0,0.8
Gasolineras,Debito,Inbursa,0.83,0.45,1.0,0.06,0.85
Gasolineras,Debito,Intercam Banco,0.9,0.8,1.1,0.17,0.8
Gasolineras,Debito,Mifel,0.91,0.45,2.5,0.36,0.8
Gasolineras,Debito,Banregio,1.02,0.45,2.3,0.51,0.65
Gasolineras,Debito,Bajío,1.03,0.5,3.8,0.51,0.55
Gasolineras,Debito,Multiva,1.11,0.5,2.75,0.46,0.8
Gasolineras,Debito,EVO,1.27,1.16,1.55,0.18,1.16
Gasolineras,Debito,Fiserv,1.4,1.15,3.0,0.38,1.15
Gasolineras,Debito,Getnet,1.56,1.15,3.5,0.37,1.15
Gasolineras,Debito,Smart Payment,1.7,1.7,1.7,0.0,1.7
Gasolineras,Debito,Azteca,1.87,0.9,2.5,0.57,2.5
Gasolineras,Debito,Bzpay,1.96,1.7,2.15,0.17,2.0
Gasolineras,Debito,EMS,2.36,1.2,3.95,0.88,1.85
Gasolineras,Debito,Pocket,3.29,1.4,3.5,0.64,3.5
Gasolineras,Debito,PayU Digicuenta,3.5,3.5,3.5,0.0,3.5
Gasolineras,Debito,Clip,3.6,3.6,3.6,0.0,3.6
Gobierno,Credito,Multiva,1.37,1.3,1.4,0.06,1.4
Gobierno,Credito,Bajío,1.53,1.05,2.5,0.32,1.3
Gobierno,Credito,Banorte,1.54,1.03,2.25,0.27,1.28
Gobierno,Credito,Mifel,1.63,1.06,2.5,0.36,1.7
Gobierno,Credito,BBVA Bancomer,1.67,1.03,1.85,0.23,1.85
Gobierno,Credito,Banregio,1.76,1.03,2.71,0.54,2.01
Gobierno,Credito,EVO,1.81,1.8,2.7,0.06,1.8
Gobierno,Credito,Afirme,1.87,1.17,2.65,0.28,2.0
Gobierno,Credito,Getnet,1.99,1.16,3.5,0.28,1.76
Gobierno,Credito,Paypal,2.02,1.97,2.2,0.1,1.97
Gobierno,Credito,Fiserv,2.04,1.79,2.5,0.23,1.8
Gobierno,Credito,Azteca,2.05,1.48,2.5,0.32,2.5
Gobierno,Credito,Inbursa,2.07,1.91,2.15,0.11,2.15
Gobierno,Credito,Xaldo,2.55,2.35,2.7,0.18,2.7
Gobierno,Credito,Velpay,3.0,3.0,3.0,0.0,3.0
Gobierno,Credito,Espiral,3.26,2.99,3.5,0.26,3.5
Gobierno,Credito,PayU Digicuenta,3.49,2.87,3.5,0.08,3.5
Gobierno,Credito,Pago Fácil,3.5,3.5,3.5,0.0,3.5
Gobierno,Credito,Pocket,3.5,3.5,3.5,0.0,3.5
Gobierno,Credito,Stripe,3.6,3.6,3.6,0.0,3.6
Gobierno,Debito,Multiva,0.97,0.9,1.0,0.06,1.0
Gobierno,Debito,Inbursa,1.13,1.0,1.26,0.18,1.0
Gobierno,Debito,Banorte,1.15,0.75,1.95,0.26,1.01
Gobierno,Debito,Afirme,1.18,0.85,1.65,0.23,1.05
Gobierno,Debito,Bajío,1.21,0.75,2.1,0.34,0.9
Gobierno,Debito,BBVA Bancomer,1.22,0.75,1.35,0.17,1.35
Gobierno,Debito,EVO,1.3,1.15,1.9,0.07,1.3
Gobierno,Debito,Mifel,1.34,1.06,2.5,0.42,1.2
Gobierno,Debito,Getnet,1.34,1.15,3.5,0.22,1.21
Gobierno,Debito,Banregio,1.41,0.75,2.71,0.47,1.45
Gobierno,Debito,Fiserv,1.54,1.15,2.2,0.29,1.55
Gobierno,Debito,Azteca,1.65,1.11,2.0,0.24,1.5
Gobierno,Debito,Paypal,2.02,1.97,2.2,0.1,1.97
Gobierno,Debito,Xaldo,2.55,2.35,2.7,0.18,2.7
Gobierno,Debito,Velpay,3.0,3.0,3.0,0.0,3.0
Gobierno,Debito,Espiral,3.26,2.99,3.5,0.26,3.5
Gobierno,Debito,Pago Fácil,3.5,3.5,3.5,0.0,3.5
Gobierno,Debito,PayU Digicuenta,3.5,2.87,3.5,0.05,3.5
Gobierno,Debito,Pocket,3.5,3.5,3.5,0.0,3.5
Gobierno,Debito,Stripe,3.6,3.6,3.6,0.0,3.6
Hospitales,Credito,Azteca,1.82,1.53,2.5,0.38,1.53
Hospitales,Credito,Autofin,1.9,1.9,1.9,0.0,1.9
Hospitales,Credito,Banjército,1.94,1.8,2.0,0.09,2.0
Hospitales,Credito,Bzpay,1.95,1.95,1.95,0.0,1.95
Hospitales,Credito,Mifel,2.02,1.54,2.75,0.31,2.5
Hospitales,Credito,EVO,2.04,1.78,2.7,0.17,1.95
Hospitales,Credito,Bansí,2.07,1.85,2.5,0.38,1.85
Hospitales,Credito,Banorte,2.11,1.53,2.64,0.29,1.9
Hospitales,Credito,Multiva,2.11,1.6,2.97,0.36,1.95
Hospitales,Credito,Afirme,2.15,1.7,3.6,0.45,1.8
Hospitales,Credito,Getnet,2.15,1.77,3.5,0.3,2.08
Hospitales,Credito,Banregio,2.2,1.53,2.83,0.47,2.83
Hospitales,Credito,Intercam Banco,2.25,1.94,2.75,0.27,2.2
Hospitales,Credito,BBVA Bancomer,2.26,1.53,2.44,0.2,2.25
Hospitales,Credito,Inbursa,2.31,1.59,2.44,0.22,2.44
Hospitales,Credito,Fiserv,2.35,1.8,3.0,0.29,2.43
Hospitales,Credito,Bajío,2.37,1.55,4.0,0.5,2.6
Hospitales,Credito,Pocket,3.43,1.8,3.5,0.29,3.5
Hospitales,Credito,PayU Digicuenta,3.49,2.87,3.5,0.1,3.5
Hospitales,Credito,Sr. Pago,3.5,3.5,3.5,0.0,3.5
Hospitales,Credito,Stripe,3.6,3.6,3.6,0.0,3.6
Hospitales,Credito,Clip,3.6,3.6,3.6,0.0,3.6
Hospitales,Credito,EMS,3.95,3.95,3.95,0.0,3.95
Hospitales,Debito,EVO,1.4,1.15,2.3,0.2,1.28
Hospitales,Debito,Autofin,1.6,1.6,1.6,0.0,1.6
Hospitales,Debito,Multiva,1.6,1.15,2.17,0.31,1.35
Hospitales,Debito,Azteca,1.61,1.3,2.5,0.44,1.3
Hospitales,Debito,BBVA Bancomer,1.65,1.15,1.75,0.16,1.75
Hospitales,Debito,Bzpay,1.65,1.65,1.65,0.0,1.65
Hospitales,Debito,Afirme,1.66,1.2,2.85,0.34,1.4
Hospitales,Debito,Banorte,1.67,1.15,2.25,0.3,2.0
Hospitales,Debito,Bansí,1.73,1.25,2.5,0.6,1.25
Hospitales,Debito,Intercam Banco,1.74,1.37,2.2,0.34,1.7
Hospitales,Debito,Getnet,1.74,1.15,3.5,0.34,1.6
Hospitales,Debito,Inbursa,1.79,1.25,1.9,0.17,1.9
Hospitales,Debito,Mifel,1.84,1.2,2.5,0.42,2.5
Hospitales,Debito,Banregio,1.84,1.15,2.83,0.46,2.35
Hospitales,Debito,Fiserv,1.98,1.22,3.0,0.37,2.11
Hospitales,Debito,Banjército,2.0,2.0,2.0,0.0,2.0
Hospitales,Debito,Bajío,2.15,1.2,4.0,0.6,2.4
Hospitales,Debito,Pocket,3.43,1.29,3.5,0.34,3.5
Hospitales,Debito,PayU Digicuenta,3.47,2.87,3.5,0.12,3.5
Hospitales,Debito,Sr. Pago,3.5,3.5,3.5,0.0,3.5
Hospitales,Debito,Stripe,3.6,3.6,3.6,0.0,3.6
Hospitales,Debito,Clip,3.6,3.6,3.6,0.0,3.6
Hospitales,Debito,EMS,3.95,3.95,3.95,0.0,3.95
Hoteles,Credito,Multiva,1.96,1.67,2.82,0.34,1.67
Hoteles,Credito,EVO,2.06,1.78,2.8,0.15,2.0
Hoteles,Credito,Afirme,2.07,1.58,3.9,0.34,2.3
Hoteles,Credito,Banjército,2.09,1.75,2.81,0.42,1.8
Hoteles,Credito,Banorte,2.12,1.58,2.8,0.33,2.0
Hoteles,Credito,Mifel,2.14,1.59,2.8,0.33,2.5
Hoteles,Credito,Getnet,2.16,1.7,3.5,0.29,2.11
Hoteles,Credito,BBVA Bancomer,2.22,1.58,2.4,0.23,2.4
Hoteles,Credito,Fiserv,2.3,1.79,3.0,0.22,2.4
Hoteles,Credito,Banregio,2.31,1.58,3.15,0.61,3.15
Hoteles,Credito,Inbursa,2.34,1.61,2.4,0.13,2.4
Hoteles,Credito,Bajío,2.36,1.59,4.0,0.45,2.6
Hoteles,Credito,EMS,2.37,2.05,3.0,0.55,2.05
Hoteles,Credito,Intercam Banco,2.38,1.58,3.0,0.46,2.5
Hoteles,Credito,Azteca,2.44,2.0,2.5,0.14,2.5
Hoteles,Credito,Bansí,2.5,2.5,2.5,0.0,2.5
Hoteles,Credito,Smart Payment,2.59,2.3,2.65,0.14,2.65
Hoteles,Credito,Autofin,2.6,2.2,3.01,0.57,3.01
Hoteles,Credito,Bzpay,2.68,1.9,3.3,0.6,3.3
Hoteles,Credito,Mercado Pago,3.21,1.82,3.5,0.29,2.99
Hoteles,Credito,Espiral,3.26,2.99,3.5,0.26,3.5
Hoteles,Credito,PayU Digicuenta,3.32,2.3,3.5,0.4,3.5
Hoteles,Credito,Paypal,3.4,2.4,3.65,0.3,3.5
Hoteles,Credito,Pocket,3.44,1.79,3.5,0.25,3.5
Hoteles,Credito,Pago Fácil,3.5,3.5,3.5,0.0,3.5
Hoteles,Credito,Stripe,3.58,1.78,3.6,0.17,3.6
Hoteles,Credito,Clip,3.6,2.8,3.6,0.01,3.6
Hoteles,Debito,EVO,1.33,1.15,2.17,0.16,1.2
Hoteles,Debito,BBVA Bancomer,1.59,1.1,1.7,0.18,1.7
Hoteles,Debito,Banorte,1.6,1.1,2.3,0.3,2.0
Hoteles,Debito,Inbursa,1.66,1.15,1.7,0.08,1.7
Hoteles,Debito,Afirme,1.68,1.1,3.15,0.33,1.5
Hoteles,Debito,Multiva,1.7,1.1,2.12,0.26,1.5
Hoteles,Debito,Getnet,1.71,1.15,3.5,0.36,1.53
Hoteles,Debito,Mifel,1.87,1.1,2.5,0.46,2.5
Hoteles,Debito,Fiserv,1.89,1.25,3.0,0.35,2.05
Hoteles,Debito,Banregio,1.91,1.1,3.15,0.61,2.5
Hoteles,Debito,Intercam Banco,1.97,1.1,2.5,0.42,2.5
Hoteles,Debito,Banjército,2.11,1.75,2.81,0.45,1.8
Hoteles,Debito,Bzpay,2.16,1.19,2.8,0.6,2.8
Hoteles,Debito,Bajío,2.17,1.1,4.0,0.53,2.4
Hoteles,Debito,Autofin,2.3,2.0,2.6,0.42,2.6
Hoteles,Debito,Smart Payment,2.32,1.28,2.65,0.58,2.65
Hoteles,Debito,Azteca,2.35,1.63,2.5,0.24,2.5
Hoteles,Debito,EMS,2.37,2.05,3.0,0.55,2.05
Hoteles,Debito,Bansí,2.5,2.5,2.5,0.0,2.5
Hoteles,Debito,Mercado Pago,2.77,1.25,3.5,0.82,1.69
Hoteles,Debito,Espiral,3.26,2.99,3.5,0.26,3.5
Hoteles,Debito,PayU Digicuenta,3.35,2.39,3.5,0.37,3.5
Hoteles,Debito,Paypal,3.4,2.4,3.65,0.3,3.5
Hoteles,Debito,Pocket,3.44,1.24,3.5,0.29,3.5
Hoteles,Debito,Pago Fácil,3.5,3.5,3.5,0.0,3.5
Hoteles,Debito,Stripe,3.58,1.78,3.6,0.17,3.6
Hoteles,Debito,Clip,3.6,2.8,3.6,0.01,3.6
Misceláneas,Credito,Banorte,0.94,0.11,2.11,0.42,0.75
Misceláneas,Credito,Banregio,1.07,0.0,2.35,0.77,2.35
Misceláneas,Credito,Multiva,1.12,0.7,2.0,0.34,0.98
Misceláneas,Credito,Afirme,1.16,0.4,1.82,0.47,1.7
Misceláneas,Credito,Mifel,1.44,0.0,2.8,0.77,2.5
Misceláneas,Credito,Azteca,1.51,0.0,2.5,0.61,1.15
Misceláneas,Credito,Bajío,1.59,0.0,2.35,0.53,1.55
Misceláneas,Credito,Bansí,1.68,1.15,2.5,0.18,1.65
Misceláneas,Credito,Autofin,1.78,0.0,1.87,0.41,1.87
Misceláneas,Credito,Adyen,1.95,1.95,1.95,0.0,1.95
Misceláneas,Credito,EVO,2.03,1.77,3.0,0.27,2.08
Misceláneas,Credito,BBVA Bancomer,2.05,0.0,2.25,0.38,2.25
Misceláneas,Credito,Getnet,2.21,1.25,3.5,0.4,2.5
Misceláneas,Credito,Fiserv,2.28,1.78,3.0,0.36,1.8
Misceláneas,Credito,Banjército,2.38,2.0,2.5,0.19,2.5
Misceláneas,Credito,Bzpay,2.46,2.0,3.3,0.4,2.0
Misceláneas,Credito,Smart Payment,2.6,2.6,2.6,0.0,2.6
Misceláneas,Credito,Inbursa,2.77,0.0,2.95,0.31,2.95
Misceláneas,Credito,Velpay,2.9,2.9,2.9,0.0,2.9
Misceláneas,Credito,Cyborgbeat,2.9,2.9,2.9,0.0,2.9
Misceláneas,Credito,EMS,2.96,1.6,3.95,0.73,3.95
Misceláneas,Credito,OEL,3.05,2.27,3.7,0.58,2.5
Misceláneas,Credito,Espiral,3.37,2.99,3.5,0.22,3.5
Misceláneas,Credito,PayU Digicuenta,3.47,2.9,3.5,0.11,3.5
Misceláneas,Credito,Pago Fácil,3.5,3.5,3.5,0.0,3.5
Misceláneas,Credito,Sr. Pago,3.5,3.5,3.5,0.0,3.5
Misceláneas,Credito,Pocket,3.5,1.8,3.5,0.07,3.5
Misceláneas,Credito,Stripe,3.6,3.6,3.6,0.0,3.6
Misceláneas,Credito,Clip,3.6,3.0,3.6,0.0,3.6
Misceláneas,Credito,Paypal,3.65,3.65,3.65,0.0,3.65
Misceláneas,Debito,Banregio,1.02,0.0,2.15,0.62,0.45
Misceláneas,Debito,Bansí,1.31,1.15,2.5,0.22,1.27
Misceláneas,Debito,Mifel,1.36,0.0,2.5,0.73,2.5
Misceláneas,Debito,Azteca,1.43,0.0,2.5,0.64,1.03
Misceláneas,Debito,EVO,1.47,1.15,2.59,0.16,1.4
Misceláneas,Debito,Getnet,1.75,1.15,3.5,0.5,1.3
Misceláneas,Debito,Bzpay,2.03,1.15,2.85,0.55,1.9
Misceláneas,Debito,Velpay,2.1,1.3,2.9,1.13,2.9
Misceláneas,Debito,Fiserv,2.2,1.15,3.0,0.47,2.6
Misceláneas,Debito,Inbursa,2.23,0.0,2.4,0.29,2.4
Misceláneas,Debito,Adyen,2.33,2.33,2.33,0.0,2.33
Misceláneas,Debito,Smart Payment,2.6,2.6,2.6,0.0,2.6
Misceláneas,Debito,Cyborgbeat,2.9,2.9,2.9,0.0,2.9
Misceláneas,Debito,EMS,2.97,1.6,3.95,0.73,3.95
Misceláneas,Debito,OEL,3.31,2.5,3.7,0.48,2.5
Misceláneas,Debito,Espiral,3.37,2.99,3.5,0.22,3.5
Misceláneas,Debito,Pocket,3.47,1.15,3.5,0.25,3.5
Misceláneas,Debito,PayU Digicuenta,3.48,2.9,3.5,0.11,3.5
Misceláneas,Debito,Pago Fácil,3.5,3.5,3.5,0.0,3.5
Misceláneas,Debito,Sr. Pago,3.5,3.5,3.5,0.0,3.5
Misceláneas,Debito,Stripe,3.6,3.6,3.6,0.0,3.6
Misceláneas,Debito,Clip,3.6,3.0,3.6,0.0,3.6
Misceláneas,Debito,Paypal,3.65,3.65,3.65,0.0,3.65
Médicos y dentistas,Credito,Banregio,1.16,0.03,2.3,0.85,2.3
Médicos y dentistas,Credito,Multiva,1.2,0.7,1.85,0.33,0.98
Médicos y dentistas,Credito,Banorte,1.24,0.0,2.38,0.63,0.75
Médicos y dentistas,Credito,BBVA Bancomer,1.25,0.0,1.95,0.17,1.2
Médicos y dentistas,Credito,Afirme,1.4,0.49,1.8,0.43,1.7
Médicos y dentistas,Credito,Mifel,1.74,0.0,2.8,0.62,1.95
Médicos y dentistas,Credito,Banjército,1.84,1.26,2.0,0.23,2.0
Médicos y dentistas,Credito,Autofin,1.96,1.8,2.0,0.06,2.0
Médicos y dentistas,Credito,EVO,2.14,1.76,3.0,0.33,2.08
Médicos y dentistas,Credito,Bajío,2.22,0.0,2.6,0.39,2.6
Médicos y dentistas,Credito,Bzpay,2.27,1.8,2.9,0.35,1.98
Médicos y dentistas,Credito,Velpay,2.32,1.8,2.9,0.4,1.8
Médicos y dentistas,Credito,Inbursa,2.35,0.0,2.5,0.23,2.5
Médicos y dentistas,Credito,Bansí,2.41,1.15,2.5,0.3,2.5
Médicos y dentistas,Credito,Getnet,2.42,1.41,3.5,0.54,2.02
Médicos y dentistas,Credito,Azteca,2.45,0.0,2.5,0.35,2.5
Médicos y dentistas,Credito,Fiserv,2.51,1.79,3.0,0.26,2.69
Médicos y dentistas,Credito,Cyborgbeat,2.9,2.9,2.9,0.0,2.9
Médicos y dentistas,Credito,Mercado Pago,3.22,1.79,3.5,0.3,2.99
Médicos y dentistas,Credito,Espiral,3.25,2.99,3.5,0.26,3.5
Médicos y dentistas,Credito,EMS,3.27,1.99,3.95,0.78,3.95
Médicos y dentistas,Credito,PayU Digicuenta,3.47,2.0,3.5,0.16,3.5
Médicos y dentistas,Credito,Pocket,3.48,1.8,3.5,0.12,3.5
Médicos y dentistas,Credito,Paypal,3.5,2.9,3.5,0.01,3.5
Médicos y dentistas,Credito,Pago Fácil,3.5,3.5,3.5,0.0,3.5
Médicos y dentistas,Credito,Sr. Pago,3.5,3.5,3.5,0.0,3.5
Médicos y dentistas,Credito,Stripe,3.6,2.4,3.6,0.07,3.6
Médicos y dentistas,Credito,Clip,3.6,2.7,3.6,0.0,3.6
Médicos y dentistas,Debito,Banregio,0.85,0.02,1.7,0.56,1.7
Médicos y dentistas,Debito,EVO,1.43,1.15,2.59,0.22,1.4
Médicos y dentistas,Debito,Mifel,1.73,0.0,2.5,0.64,1.95
Médicos y dentistas,Debito,Fiserv,1.73,1.15,3.0,0.36,1.55
Médicos y dentistas,Debito,Inbursa,1.79,0.0,1.9,0.18,1.9
Médicos y dentistas,Debito,Getnet,1.89,1.15,3.5,0.61,1.5
Médicos y dentistas,Debito,Bzpay,2.07,1.35,3.0,0.49,1.8
Médicos y dentistas,Debito,Velpay,2.15,1.15,2.9,0.53,1.8
Médicos y dentistas,Debito,Bansí,2.39,1.15,2.5,0.38,2.5
Médicos y dentistas,Debito,Azteca,2.4,0.0,2.5,0.35,2.5
Médicos y dentistas,Debito,Mercado Pago,2.77,1.25,3.5,0.82,1.69
Médicos y dentistas,Debito,Cyborgbeat,2.9,2.9,2.9,0.0,2.9
Médicos y dentistas,Debito,Espiral,3.25,2.99,3.5,0.26,3.5
Médicos y dentistas,Debito,EMS,3.35,1.99,3.95,0.76,3.95
Médicos y dentistas,Debito,PayU Digicuenta,3.46,2.4,3.5,0.16,3.5
Médicos y dentistas,Debito,Pocket,3.48,1.25,3.5,0.17,3.5
Médicos y dentistas,Debito,Paypal,3.5,2.9,3.5,0.01,3.5
Médicos y dentistas,Debito,Pago Fácil,3.5,3.5,3.5,0.0,3.5
Médicos y dentistas,Debito,Sr. Pago,3.5,3.5,3.5,0.0,3.5
Médicos y dentistas,Debito,Stripe,3.6,2.4,3.6,0.07,3.6
Médicos y dentistas,Debito,Clip,3.6,2.7,3.6,0.0,3.6
Otros,Credito,Autofin,2.06,1.53,3.36,0.41,1.8
Otros,Credito,Adyen,2.1,1.85,2.5,0.19,2.0
Otros,Credito,Banjército,2.14,1.65,4.0,0.49,1.8
Otros,Credito,EVO,2.16,1.76,3.03,0.19,2.13
Otros,Credito,Getnet,2.16,1.58,3.5,0.33,2.02
Otros,Credito,Banregio,2.2,1.53,2.75,0.48,2.75
Otros,Credito,Mifel,2.23,1.53,2.8,0.35,2.5
Otros,Credito,Multiva,2.24,1.55,3.36,0.45,2.2
Otros,Credito,BBVA Bancomer,2.25,1.53,2.38,0.16,2.25
Otros,Credito,Afirme,2.27,1.55,3.9,0.3,2.4
Otros,Credito,Banorte,2.27,1.53,2.98,0.33,2.58
Otros,Credito,Intercam Banco,2.44,1.58,3.0,0.45,3.0
Otros,Credito,Fiserv,2.46,1.78,3.0,0.29,2.65
Otros,Credito,Bzpay,2.46,1.88,3.35,0.3,2.5
Otros,Credito,Inbursa,2.5,1.53,2.79,0.31,2.79
Otros,Credito,Velpay,2.57,1.89,3.4,0.45,2.5
Otros,Credito,Bajío,2.61,1.53,4.0,0.47,2.9
Otros,Credito,Ebanx,2.7,2.05,3.43,0.39,2.88
Otros,Credito,Dlocal,2.71,2.0,3.4,0.59,2.0
Otros,Credito,Pago Fácil,2.85,2.4,3.5,0.52,2.4
Otros,Credito,Cyborgbeat,2.87,2.1,3.6,0.39,2.5
Otros,Credito,Azteca,2.88,1.6,3.08,0.21,2.99
Otros,Credito,EMS,3.0,1.55,3.95,0.62,3.95
Otros,Credito,OEL,3.11,2.99,3.5,0.21,3.0
Otros,Credito,Mercado Pago,3.22,1.69,3.69,0.31,2.99
Otros,Credito,Espiral,3.22,2.99,3.5,0.25,2.99
Otros,Credito,PayU Digicuenta,3.47,1.87,3.5,0.14,3.5
Otros,Credito,Pocket,3.48,1.79,3.5,0.15,3.5
Otros,Credito,Paypal,3.5,2.15,3.65,0.02,3.5
Otros,Credito,Sr. Pago,3.5,3.5,3.5,0.0,3.5
Otros,Credito,Stripe,3.58,2.0,3.6,0.15,3.6
Otros,Credito,Clip,3.6,2.0,3.6,0.0,3.6
Otros,Debito,EVO,1.63,1.15,3.46,0.18,1.6
Otros,Debito,BBVA Bancomer,1.66,1.15,1.75,0.16,1.75
Otros,Debito,Getnet,1.76,1.15,3.5,0.42,1.58
Otros,Debito,Afirme,1.8,1.15,3.15,0.26,1.8
Otros,Debito,Banorte,1.86,1.15,2.65,0.36,2.0
Otros,Debito,Autofin,1.91,1.15,2.9,0.49,1.7
Otros,Debito,Inbursa,1.94,1.15,2.14,0.23,2.14
Otros,Debito,Banregio,2.0,1.15,2.99,0.55,2.55
Otros,Debito,Multiva,2.0,1.15,2.9,0.46,1.9
Otros,Debito,Intercam Banco,2.03,1.19,2.5,0.33,2.0
Otros,Debito,Mifel,2.04,1.15,2.5,0.41,2.5
Otros,Debito,Fiserv,2.04,1.2,3.0,0.5,1.2
Otros,Debito,Banjército,2.09,1.65,4.0,0.5,1.8
Otros,Debito,Adyen,2.2,1.85,2.52,0.22,2.25
Otros,Debito,Bzpay,2.31,1.5,2.95,0.38,2.7
Otros,Debito,Ebanx,2.37,1.72,2.88,0.35,2.1
Otros,Debito,Azteca,2.39,1.18,2.79,0.12,2.4
Otros,Debito,Dlocal,2.42,2.0,2.9,0.45,2.0
Otros,Debito,Velpay,2.45,1.49,3.4,0.57,2.5
Otros,Debito,Bajío,2.46,1.15,4.0,0.54,2.9
Otros,Debito,Cyborgbeat,2.83,1.9,3.6,0.39,2.5
Otros,Debito,Mercado Pago,2.84,1.2,3.69,0.79,3.49
Otros,Debito,Pago Fácil,2.85,2.4,3.5,0.52,2.4
Otros,Debito,EMS,2.99,1.55,3.95,0.63,3.95
Otros,Debito,OEL,3.11,2.99,3.5,0.21,3.0
Otros,Debito,Espiral,3.22,2.99,3.5,0.25,2.99
Otros,Debito,PayU Digicuenta,3.47,1.87,3.5,0.14,3.5
Otros,Debito,Pocket,3.47,1.19,3.5,0.2,3.5
Otros,Debito,Paypal,3.5,1.2,3.65,0.02,3.5
Otros,Debito,Sr. Pago,3.5,3.5,3.5,0.0,3.5
Otros,Debito,Stripe,3.58,1.6,3.6,0.15,3.6
Otros,Debito,Clip,3.6,2.0,3.6,0.0,3.6
Peaje,Credito,Inbursa,1.51,1.5,2.45,0.09,1.5
Peaje,Credito,BBVA Bancomer,1.65,1.38,2.31,0.14,1.75
Peaje,Credito,EVO,1.8,1.8,1.8,0.0,1.8
Peaje,Credito,Fiserv,1.85,1.85,1.85,0.0,1.85
Peaje,Credito,Afirme,1.98,1.3,2.0,0.12,2.0
Peaje,Credito,Banorte,2.02,1.35,2.8,0.47,1.8
Peaje,Credito,Getnet,2.02,1.76,2.4,0.14,1.98
Peaje,Credito,Banregio,2.6,1.62,2.8,0.48,2.8
Peaje,Credito,Bzpay,3.3,3.3,3.3,0.0,3.3
Peaje,Credito,PayU Digicuenta,3.5,3.5,3.5,0.0,3.5
Peaje,Credito,Pocket,3.5,3.5,3.5,0.0,3.5
Peaje,Debito,Inbursa,1.25,1.25,1.75,0.04,1.25
Peaje,Debito,BBVA Bancomer,1.3,1.2,1.6,0.1,1.25
Peaje,Debito,Afirme,1.51,1.5,1.7,0.03,1.5
Peaje,Debito,EVO,1.52,1.5,1.55,0.02,1.5
Peaje,Debito,Getnet,1.71,1.2,2.35,0.31,1.98
Peaje,Debito,Banorte,1.72,1.4,2.62,0.39,1.4
Peaje,Debito,Fiserv,1.85,1.85,1.85,0.0,1.85
Peaje,Debito,Banregio,2.19,1.62,2.3,0.28,2.3
Peaje,Debito,Bzpay,2.8,2.8,2.8,0.0,2.8
Peaje,Debito,PayU Digicuenta,3.5,3.5,3.5,0.0,3.5
Peaje,Debito,Pocket,3.5,3.5,3.5,0.0,3.5
Refacciones y ferreterías,Credito,Banregio,0.88,0.0,2.3,0.8,2.3
Refacciones y ferreterías,Credito,Banorte,0.93,0.0,2.06,0.46,0.75
Refacciones y ferreterías,Credito,Multiva,0.99,0.7,1.5,0.14,0.98
Refacciones y ferreterías,Credito,Afirme,1.15,0.49,1.75,0.47,1.7
Refacciones y ferreterías,Credito,Mifel,1.18,0.0,2.8,0.74,1.1
Refacciones y ferreterías,Credito,Bajío,1.74,0.0,2.45,0.55,2.2
Refacciones y ferreterías,Credito,Autofin,1.96,1.8,2.1,0.11,2.0
Refacciones y ferreterías,Credito,Velpay,2.03,2.0,2.05,0.03,2.05
Refacciones y ferreterías,Credito,Adyen,2.11,2.11,2.11,0.0,2.11
Refacciones y ferreterías,Credito,BBVA Bancomer,2.12,0.0,2.28,0.34,2.25
Refacciones y ferreterías,Credito,EVO,2.13,1.76,3.03,0.28,2.08
Refacciones y ferreterías,Credito,Getnet,2.22,1.15,3.5,0.45,2.5
Refacciones y ferreterías,Credito,Fiserv,2.24,1.78,3.0,0.4,1.8
Refacciones y ferreterías,Credito,Inbursa,2.38,0.0,2.5,0.23,2.5
Refacciones y ferreterías,Credito,Azteca,2.45,0.0,2.5,0.36,2.5
Refacciones y ferreterías,Credito,Bansí,2.5,2.5,2.5,0.0,2.5
Refacciones y ferreterías,Credito,Banjército,2.51,1.71,2.9,0.33,2.8
Refacciones y ferreterías,Credito,Bzpay,2.55,1.9,3.3,0.68,1.9
Refacciones y ferreterías,Credito,Cyborgbeat,2.9,2.9,2.9,0.0,2.9
Refacciones y ferreterías,Credito,EMS,2.9,1.9,3.95,0.67,2.45
Refacciones y ferreterías,Credito,Mercado Pago,3.22,1.69,3.5,0.3,2.99
Refacciones y ferreterías,Credito,Espiral,3.27,2.99,3.5,0.26,3.5
Refacciones y ferreterías,Credito,Paypal,3.37,3.0,3.65,0.3,3.65
Refacciones y ferreterías,Credito,Pocket,3.44,1.79,3.5,0.26,3.5
Refacciones y ferreterías,Credito,PayU Digicuenta,3.45,2.6,3.5,0.18,3.5
Refacciones y ferreterías,Credito,Pago Fácil,3.5,3.5,3.5,0.0,3.5
Refacciones y ferreterías,Credito,Sr. Pago,3.5,3.5,3.5,0.0,3.5
Refacciones y ferreterías,Credito,Stripe,3.6,3.6,3.6,0.0,3.6
Refacciones y ferreterías,Credito,Clip,3.6,2.4,3.6,0.03,3.6
Refacciones y ferreterías,Debito,Banregio,0.72,0.0,1.7,0.53,1.7
Refacciones y ferreterías,Debito,Mifel,1.13,0.0,2.5,0.69,1.1
Refacciones y ferreterías,Debito,Velpay,1.46,1.43,1.5,0.04,1.43
Refacciones y ferreterías,Debito,Bzpay,1.47,1.15,2.29,0.38,1.19
Refacciones y ferreterías,Debito,EVO,1.49,1.15,2.65,0.17,1.4
Refacciones y ferreterías,Debito,Getnet,1.74,1.15,3.5,0.51,1.5
Refacciones y ferreterías,Debito,Inbursa,1.81,0.0,1.9,0.18,1.9
Refacciones y ferreterías,Debito,Fiserv,1.93,1.15,3.0,0.44,2.1
Refacciones y ferreterías,Debito,Azteca,2.42,0.0,2.5,0.36,2.5
Refacciones y ferreterías,Debito,Adyen,2.45,2.3,2.54,0.13,2.5
Refacciones y ferreterías,Debito,Bansí,2.5,2.5,2.5,0.0,2.5
Refacciones y ferreterías,Debito,EMS,2.58,1.2,3.95,0.95,2.45
Refacciones y ferreterías,Debito,Mercado Pago,2.77,1.25,3.5,0.83,1.69
Refacciones y ferreterías,Debito,Cyborgbeat,2.9,2.9,2.9,0.0,2.9
Refacciones y ferreterías,Debito,Espiral,3.27,2.99,3.5,0.26,3.5
Refacciones y ferreterías,Debito,Paypal,3.37,3.0,3.65,0.3,3.65
Refacciones y ferreterías,Debito,Pocket,3.4,1.18,3.5,0.38,3.5
Refacciones y ferreterías,Debito,PayU Digicuenta,3.45,2.7,3.5,0.16,3.5
Refacciones y ferreterías,Debito,Pago Fácil,3.5,3.5,3.5,0.0,3.5
Refacciones y ferreterías,Debito,Sr. Pago,3.5,3.5,3.5,0.0,3.5
Refacciones y ferreterías,Debito,Stripe,3.6,3.6,3.6,0.0,3.6
Refacciones y ferreterías,Debito,Clip,3.6,2.4,3.6,0.03,3.6
Renta de autos,Credito,Bansí,1.71,1.71,1.71,0.0,1.71
Renta de autos,Credito,Multiva,1.83,1.65,2.3,0.22,1.65
Renta de autos,Credito,EVO,2.01,1.85,2.45,0.12,1.96
Renta de autos,Credito,Getnet,2.02,1.63,3.5,0.25,1.8
Renta de autos,Credito,Adyen,2.06,2.06,2.06,0.0,2.06
Renta de autos,Credito,Mifel,2.07,1.72,2.8,0.31,1.9
Renta de autos,Credito,Bzpay,2.1,2.1,2.1,0.0,2.1
Renta de autos,Credito,BBVA Bancomer,2.12,1.58,2.4,0.27,2.4
Renta de autos,Credito,Banorte,2.16,1.6,2.71,0.29,1.9
Renta de autos,Credito,Afirme,2.18,1.7,2.8,0.32,2.3
Renta de autos,Credito,Banregio,2.26,1.58,3.0,0.58,3.0
Renta de autos,Credito,Inbursa,2.3,1.7,2.4,0.14,2.4
Renta de autos,Credito,Bajío,2.37,1.58,3.4,0.43,2.9
Renta de autos,Credito,Autofin,2.42,2.35,2.5,0.11,2.35
Renta de autos,Credito,Intercam Banco,2.47,1.9,3.0,0.4,2.5
Renta de autos,Credito,Fiserv,2.48,1.8,3.0,0.27,2.68
Renta de autos,Credito,Azteca,2.5,2.5,2.5,0.0,2.5
Renta de autos,Credito,Cyborgbeat,2.8,2.8,2.8,0.0,2.8
Renta de autos,Credito,EMS,3.0,3.0,3.0,0.0,3.0
Renta de autos,Credito,Espiral,3.31,2.99,3.5,0.26,3.5
Renta de autos,Credito,PayU Digicuenta,3.5,3.5,3.5,0.0,3.5
Renta de autos,Credito,Sr. Pago,3.5,3.5,3.5,0.0,3.5
Renta de autos,Credito,Pocket,3.5,3.2,3.5,0.02,3.5
Renta de autos,Credito,Stripe,3.6,3.6,3.6,0.0,3.6
Renta de autos,Credito,Clip,3.6,2.6,3.6,0.03,3.6
Renta de autos,Debito,Multiva,1.43,1.25,1.69,0.17,1.25
Renta de autos,Debito,EVO,1.43,1.16,2.0,0.18,1.35
Renta de autos,Debito,Getnet,1.61,1.15,3.5,0.22,1.63
Renta de autos,Debito,BBVA Bancomer,1.62,1.1,1.7,0.12,1.7
Renta de autos,Debito,Inbursa,1.63,1.24,1.7,0.1,1.7
Renta de autos,Debito,Banorte,1.67,1.15,2.3,0.27,1.95
Renta de autos,Debito,Bansí,1.71,1.71,1.71,0.0,1.71
Renta de autos,Debito,Bzpay,1.85,1.85,1.85,0.0,1.85
Renta de autos,Debito,Mifel,1.93,1.2,2.5,0.38,1.72
Renta de autos,Debito,Afirme,1.93,1.5,2.8,0.36,1.7
Renta de autos,Debito,Banregio,1.96,1.1,3.0,0.53,2.5
Renta de autos,Debito,Fiserv,2.09,1.3,3.0,0.33,2.26
Renta de autos,Debito,Autofin,2.1,2.1,2.1,0.0,2.1
Renta de autos,Debito,Intercam Banco,2.19,1.7,2.5,0.29,2.5
Renta de autos,Debito,Bajío,2.22,1.2,3.4,0.52,2.4
Renta de autos,Debito,Azteca,2.45,2.4,2.5,0.05,2.4
Renta de autos,Debito,Cyborgbeat,2.8,2.8,2.8,0.0,2.8
Renta de autos,Debito,EMS,3.0,3.0,3.0,0.0,3.0
Renta de autos,Debito,Espiral,3.31,2.99,3.5,0.26,3.5
Renta de autos,Debito,PayU Digicuenta,3.5,3.5,3.5,0.0,3.5
Renta de autos,Debito,Sr. Pago,3.5,3.5,3.5,0.0,3.5
Renta de autos,Debito,Pocket,3.5,3.2,3.5,0.02,3.5
Renta de autos,Debito,Stripe,3.6,3.6,3.6,0.0,3.6
Renta de autos,Debito,Clip,3.6,2.6,3.6,0.03,3.6
Restaurantes,Credito,Adyen,2.16,1.95,2.45,0.22,2.35
Restaurantes,Credito,Mifel,2.17,1.76,2.8,0.29,2.5
Restaurantes,Credito,Multiva,2.18,1.76,2.97,0.37,1.9
Restaurantes,Credito,Afirme,2.2,1.79,2.9,0.23,2.4
Restaurantes,Credito,Getnet,2.21,1.76,3.5,0.32,2.0
Restaurantes,Credito,Smart Payment,2.24,1.8,2.65,0.17,2.2
Restaurantes,Credito,EVO,2.27,1.76,3.03,0.2,2.3
Restaurantes,Credito,BBVA Bancomer,2.32,1.76,2.55,0.17,2.25
Restaurantes,Credito,Intercam Banco,2.33,1.78,2.7,0.28,2.2
Restaurantes,Credito,Banorte,2.34,1.76,3.21,0.36,1.99
Restaurantes,Credito,Bansí,2.38,1.8,2.5,0.24,2.5
Restaurantes,Credito,Banjército,2.45,1.8,5.39,0.79,1.8
Restaurantes,Credito,Azteca,2.48,1.9,2.6,0.11,2.5
Restaurantes,Credito,Banregio,2.49,1.76,3.2,0.58,3.2
Restaurantes,Credito,Cyborgbeat,2.5,2.5,2.5,0.0,2.5
Restaurantes,Credito,Velpay,2.51,2.2,3.2,0.29,2.55
Restaurantes,Credito,Inbursa,2.55,1.76,3.0,0.34,3.0
Restaurantes,Credito,Bajío,2.57,1.76,4.0,0.43,2.9
Restaurantes,Credito,Fiserv,2.57,1.78,3.0,0.23,2.64
Restaurantes,Credito,Bzpay,2.58,1.9,3.3,0.33,2.5
Restaurantes,Credito,Autofin,2.59,1.76,3.31,0.31,2.6
Restaurantes,Credito,OEL,2.92,2.05,3.6,0.43,2.8
Restaurantes,Credito,EMS,3.13,1.9,3.95,0.7,3.95
Restaurantes,Credito,Mercado Pago,3.23,1.79,3.5,0.27,2.99
Restaurantes,Credito,Espiral,3.27,2.99,3.5,0.25,3.5
Restaurantes,Credito,Pocket,3.41,1.79,3.5,0.33,3.5
Restaurantes,Credito,Paypal,3.5,2.32,3.5,0.0,3.5
Restaurantes,Credito,Pago Fácil,3.5,3.5,3.5,0.0,3.5
Restaurantes,Credito,PayU Digicuenta,3.5,3.0,3.5,0.03,3.5
Restaurantes,Credito,Stripe,3.6,2.2,3.6,0.04,3.6
Restaurantes,Credito,Clip,3.6,2.4,3.6,0.01,3.6
Restaurantes,Debito,EVO,1.55,1.15,3.46,0.15,1.5
Restaurantes,Debito,BBVA Bancomer,1.65,1.15,1.75,0.16,1.75
Restaurantes,Debito,Afirme,1.68,1.2,2.5,0.29,1.8
Restaurantes,Debito,Inbursa,1.75,1.19,2.0,0.22,2.0
Restaurantes,Debito,Multiva,1.78,1.15,2.5,0.32,1.5
Restaurantes,Debito,Getnet,1.78,1.15,3.5,0.37,1.65
Restaurantes,Debito,Banorte,1.8,1.15,2.65,0.33,1.99
Restaurantes,Debito,Smart Payment,1.83,1.45,2.65,0.34,1.7
Restaurantes,Debito,Mifel,1.85,1.15,2.5,0.46,2.5
Restaurantes,Debito,Intercam Banco,1.94,1.19,2.2,0.28,2.2
Restaurantes,Debito,Banregio,2.02,1.15,3.2,0.59,2.55
Restaurantes,Debito,Adyen,2.12,1.75,2.45,0.34,1.75
Restaurantes,Debito,Fiserv,2.17,1.25,3.0,0.28,2.14
Restaurantes,Debito,Autofin,2.25,1.15,2.8,0.4,1.8
Restaurantes,Debito,Bansí,2.3,1.25,2.5,0.45,2.5
Restaurantes,Debito,Bajío,2.32,1.15,4.0,0.55,2.7
Restaurantes,Debito,Banjército,2.35,1.5,5.39,0.79,1.8
Restaurantes,Debito,Bzpay,2.36,1.45,3.1,0.43,2.5
Restaurantes,Debito,Velpay,2.36,2.1,3.2,0.27,2.45
Restaurantes,Debito,Azteca,2.43,1.6,2.5,0.12,2.5
Restaurantes,Debito,Cyborgbeat,2.5,2.5,2.5,0.0,2.5
Restaurantes,Debito,Mercado Pago,2.76,1.25,3.5,0.83,1.69
Restaurantes,Debito,OEL,2.86,1.45,3.6,0.53,2.8
Restaurantes,Debito,EMS,2.91,1.6,3.95,0.86,3.95
Restaurantes,Debito,Espiral,3.27,2.99,3.5,0.25,3.5
Restaurantes,Debito,Pocket,3.38,1.22,3.5,0.41,3.5
Restaurantes,Debito,Paypal,3.5,2.32,3.5,0.0,3.5
Restaurantes,Debito,Pago Fácil,3.5,3.5,3.5,0.0,3.5
Restaurantes,Debito,PayU Digicuenta,3.5,3.0,3.5,0.04,3.5
Restaurantes,Debito,Stripe,3.6,2.2,3.6,0.04,3.6
Restaurantes,Debito,Clip,3.6,2.4,3.6,0.01,3.6
Salones de belleza,Credito,Banregio,0.87,0.02,2.3,0.83,0.13
Salones de belleza,Credito,Multiva,1.23,0.7,1.85,0.34,0.98
Salones de belleza,Credito,Banorte,1.27,0.11,2.25,0.64,0.75
Salones de belleza,Credito,Afirme,1.38,0.0,1.8,0.43,1.7
Salones de belleza,Credito,Mifel,1.44,0.0,2.8,0.68,1.0
Salones de belleza,Credito,Banjército,1.97,1.8,2.3,0.29,1.8
Salones de belleza,Credito,Velpay,2.0,2.0,2.0,0.0,2.0
Salones de belleza,Credito,EVO,2.14,1.8,3.0,0.32,2.08
Salones de belleza,Credito,Bajío,2.16,0.0,2.6,0.5,2.6
Salones de belleza,Credito,BBVA Bancomer,2.21,0.0,2.28,0.16,2.25
Salones de belleza,Credito,Adyen,2.26,2.26,2.26,0.0,2.26
Salones de belleza,Credito,Bzpay,2.33,1.8,3.1,0.59,1.85
Salones de belleza,Credito,Getnet,2.35,1.77,3.5,0.49,2.02
Salones de belleza,Credito,Inbursa,2.36,0.0,2.5,0.28,2.5
Salones de belleza,Credito,Azteca,2.41,0.0,2.8,0.66,2.5
Salones de belleza,Credito,Fiserv,2.49,1.8,3.0,0.28,2.69
Salones de belleza,Credito,Bansí,2.5,2.5,2.5,0.0,2.5
Salones de belleza,Credito,Mercado Pago,3.22,1.69,3.5,0.3,2.99
Salones de belleza,Credito,Espiral,3.24,2.99,3.5,0.28,3.5
Salones de belleza,Credito,PayU Digicuenta,3.48,2.1,3.5,0.16,3.5
Salones de belleza,Credito,Pocket,3.48,1.8,3.5,0.14,3.5
Salones de belleza,Credito,Paypal,3.5,3.42,3.5,0.0,3.5
Salones de belleza,Credito,Pago Fácil,3.5,3.5,3.5,0.0,3.5
Salones de belleza,Credito,Sr. Pago,3.5,3.5,3.5,0.0,3.5
Salones de belleza,Credito,Stripe,3.6,3.6,3.6,0.0,3.6
Salones de belleza,Credito,Clip,3.6,3.0,3.6,0.0,3.6
Salones de belleza,Credito,EMS,3.69,2.9,3.95,0.53,3.95
Salones de belleza,Debito,Banregio,0.81,0.03,1.9,0.6,0.44
Salones de belleza,Debito,EVO,1.5,1.15,2.59,0.18,1.4
Salones de belleza,Debito,Inbursa,1.82,0.0,1.9,0.16,1.9
Salones de belleza,Debito,Mifel,1.86,0.0,2.5,0.45,1.9
Salones de belleza,Debito,Fiserv,1.93,1.19,3.0,0.37,1.85
Salones de belleza,Debito,Getnet,1.98,1.15,3.5,0.59,1.5
Salones de belleza,Debito,Velpay,2.0,2.0,2.0,0.0,2.0
Salones de belleza,Debito,Bzpay,2.14,1.2,3.0,0.64,1.85
Salones de belleza,Debito,Azteca,2.24,0.0,2.5,0.69,2.5
Salones de belleza,Debito,Adyen,2.35,2.35,2.35,0.0,2.35
Salones de belleza,Debito,Bansí,2.5,2.5,2.5,0.0,2.5
Salones de belleza,Debito,Mercado Pago,2.8,1.25,3.5,0.81,1.69
Salones de belleza,Debito,Espiral,3.24,2.99,3.5,0.28,3.5
Salones de belleza,Debito,EMS,3.44,1.95,3.95,0.84,3.95
Salones de belleza,Debito,Pocket,3.47,1.24,3.5,0.22,3.5
Salones de belleza,Debito,PayU Digicuenta,3.48,2.1,3.5,0.12,3.5
Salones de belleza,Debito,Paypal,3.5,3.42,3.5,0.0,3.5
Salones de belleza,Debito,Pago Fácil,3.5,3.5,3.5,0.0,3.5
Salones de belleza,Debito,Sr. Pago,3.5,3.5,3.5,0.0,3.5
Salones de belleza,Debito,Stripe,3.59,1.2,3.6,0.17,3.6
Salones de belleza,Debito,Clip,3.6,3.0,3.6,0.0,3.6
Supermercados,Credito,Afirme,1.84,1.65,3.0,0.21,1.93
Supermercados,Credito,Adyen,1.98,1.85,2.12,0.19,2.12
Supermercados,Credito,Banorte,2.05,1.53,2.97,0.28,2.1
Supermercados,Credito,Multiva,2.08,1.65,2.75,0.42,2.6
Supermercados,Credito,Banjército,2.09,1.71,3.5,0.43,1.8
Supermercados,Credito,Banregio,2.09,1.53,2.96,0.52,2.96
Supermercados,Credito,Mifel,2.11,1.88,2.5,0.24,1.88
Supermercados,Credito,BBVA Bancomer,2.14,1.55,2.4,0.24,2.25
Supermercados,Credito,Azteca,2.21,1.73,2.95,0.22,2.05
Supermercados,Credito,EVO,2.24,1.79,2.93,0.22,2.37
Supermercados,Credito,Fiserv,2.31,1.79,2.95,0.45,1.79
Supermercados,Credito,Bajío,2.33,1.55,3.4,0.39,2.6
Supermercados,Credito,Getnet,2.34,1.59,3.5,0.25,2.5
Supermercados,Credito,Bzpay,2.41,2.1,3.03,0.54,2.1
Supermercados,Credito,Inbursa,2.45,1.8,2.47,0.09,2.47
Supermercados,Credito,EMS,2.74,1.99,3.0,0.42,2.9
Supermercados,Credito,Velpay,3.0,3.0,3.0,0.0,3.0
Supermercados,Credito,Mercado Pago,3.23,1.69,3.5,0.27,2.99
Supermercados,Credito,Paypal,3.26,2.78,3.65,0.34,3.42
Supermercados,Credito,Espiral,3.37,2.99,3.5,0.25,3.5
Supermercados,Credito,PayU Digicuenta,3.38,1.99,3.5,0.32,3.5
Supermercados,Credito,Pocket,3.44,2.0,3.5,0.28,3.5
Supermercados,Credito,Pago Fácil,3.5,3.5,3.5,0.0,3.5
Supermercados,Credito,Stripe,3.6,3.6,3.6,0.0,3.6
Supermercados,Credito,Clip,3.6,2.4,3.6,0.01,3.6
Supermercados,Debito,BBVA Bancomer,1.45,1.1,1.7,0.21,1.7
Supermercados,Debito,Afirme,1.51,1.2,2.9,0.23,1.55
Supermercados,Debito,Banorte,1.55,1.1,2.5,0.33,1.35
Supermercados,Debito,EVO,1.57,1.16,3.46,0.32,1.6
Supermercados,Debito,Mifel,1.62,1.2,2.5,0.4,1.5
Supermercados,Debito,Banregio,1.75,1.15,2.96,0.58,2.5
Supermercados,Debito,Getnet,1.78,1.15,3.5,0.46,2.28
Supermercados,Debito,Inbursa,1.79,1.18,1.8,0.06,1.8
Supermercados,Debito,Multiva,1.85,1.2,2.4,0.41,2.4
Supermercados,Debito,Azteca,1.95,1.15,2.5,0.16,1.95
Supermercados,Debito,Fiserv,1.95,1.29,2.95,0.53,1.35
Supermercados,Debito,Bajío,2.08,1.1,3.4,0.49,2.4
Supermercados,Debito,Adyen,2.08,1.75,2.27,0.29,2.23
Supermercados,Debito,Banjército,2.09,1.5,3.5,0.48,1.8
Supermercados,Debito,Bzpay,2.25,1.66,2.6,0.4,2.45
Supermercados,Debito,EMS,2.43,1.35,3.0,0.66,2.9
Supermercados,Debito,Mercado Pago,2.79,1.25,3.5,0.81,1.69
Supermercados,Debito,Velpay,3.0,3.0,3.0,0.0,3.0
Supermercados,Debito,Paypal,3.05,1.74,3.65,0.66,3.42
Supermercados,Debito,Espiral,3.37,2.99,3.5,0.25,3.5
Supermercados,Debito,Pocket,3.42,1.27,3.5,0.34,3.5
Supermercados,Debito,PayU Digicuenta,3.44,1.99,3.5,0.22,3.5
Supermercados,Debito,Pago Fácil,3.5,3.5,3.5,0.0,3.5
Supermercados,Debito,Stripe,3.6,3.6,3.6,0.0,3.6
Supermercados,Debito,Clip,3.6,2.4,3.6,0.01,3.6
Telecomunicaciones,Credito,Inbursa,1.7,1.62,2.45,0.05,1.7
Telecomunicaciones,Credito,Azteca,1.78,1.47,2.5,0.17,1.73
Telecomunicaciones,Credito,BBVA Bancomer,1.85,1.45,2.26,0.24,1.7
Telecomunicaciones,Credito,Bzpay,1.85,1.85,1.85,0.0,1.85
Telecomunicaciones,Credito,Banorte,1.86,1.6,2.56,0.22,1.8
Telecomunicaciones,Credito,EVO,1.9,1.77,2.45,0.11,1.9
Telecomunicaciones,Credito,Getnet,1.93,1.5,3.5,0.14,1.9
Telecomunicaciones,Credito,Banregio,1.99,1.55,2.7,0.46,1.55
Telecomunicaciones,Credito,Afirme,2.07,1.95,2.4,0.18,1.95
Telecomunicaciones,Credito,Mifel,2.23,2.1,2.5,0.23,2.1
Telecomunicaciones,Credito,Adyen,2.42,2.3,2.55,0.18,2.55
Telecomunicaciones,Credito,Fiserv,2.55,2.03,2.69,0.2,2.63
Telecomunicaciones,Credito,Autofin,2.6,2.6,2.6,0.0,2.6
Telecomunicaciones,Credito,Bajío,2.61,1.9,3.0,0.25,2.6
Telecomunicaciones,Credito,Multiva,2.8,2.8,2.8,0.0,2.8
Telecomunicaciones,Credito,Espiral,3.17,2.99,3.5,0.25,2.99
Telecomunicaciones,Credito,Paypal,3.18,2.43,3.65,0.46,3.42
Telecomunicaciones,Credito,EMS,3.2,3.2,3.2,0.0,3.2
Telecomunicaciones,Credito,PayU Digicuenta,3.46,2.2,3.5,0.16,3.5
Telecomunicaciones,Credito,Pocket,3.48,2.5,3.5,0.13,3.5
Telecomunicaciones,Credito,OEL,3.5,3.5,3.5,0.0,3.5
Telecomunicaciones,Credito,Pago Fácil,3.5,3.5,3.5,0.0,3.5
Telecomunicaciones,Credito,Stripe,3.58,2.19,3.6,0.17,3.6
Telecomunicaciones,Debito,BBVA Bancomer,1.32,1.15,1.75,0.19,1.2
Telecomunicaciones,Debito,Azteca,1.35,1.23,2.5,0.25,1.28
Telecomunicaciones,Debito,Banorte,1.39,1.2,2.33,0.26,1.25
Telecomunicaciones,Debito,Getnet,1.55,1.18,3.5,0.17,1.5
Telecomunicaciones,Debito,EVO,1.57,1.16,1.95,0.06,1.57
Telecomunicaciones,Debito,Afirme,1.61,1.5,1.9,0.16,1.5
Telecomunicaciones,Debito,Bzpay,1.62,1.62,1.62,0.0,1.62
Telecomunicaciones,Debito,Inbursa,1.7,1.22,1.86,0.03,1.7
Telecomunicaciones,Debito,Banregio,1.79,1.25,2.7,0.49,1.3
Telecomunicaciones,Debito,Mifel,1.87,1.55,2.5,0.55,1.55
Telecomunicaciones,Debito,Fiserv,1.89,1.15,2.69,0.6,1.15
Telecomunicaciones,Debito,Autofin,2.1,2.1,2.1,0.0,2.1
Telecomunicaciones,Debito,Adyen,2.2,2.05,2.35,0.21,2.35
Telecomunicaciones,Debito,Bajío,2.53,1.6,3.0,0.31,2.4
Telecomunicaciones,Debito,Espiral,3.17,2.99,3.5,0.25,2.99
Telecomunicaciones,Debito,Paypal,3.18,2.43,3.65,0.46,3.42
Telecomunicaciones,Debito,EMS,3.2,3.2,3.2,0.0,3.2
Telecomunicaciones,Debito,PayU Digicuenta,3.48,2.25,3.5,0.11,3.5
Telecomunicaciones,Debito,Pocket,3.48,1.75,3.5,0.14,3.5
Telecomunicaciones,Debito,OEL,3.5,3.5,3.5,0.0,3.5
Telecomunicaciones,Debito,Pago Fácil,3.5,3.5,3.5,0.0,3.5
Telecomunicaciones,Debito,Stripe,3.58,2.19,3.6,0.17,3.6
Transporte aéreo,Credito,Mifel,1.82,1.82,1.82,0.0,1.82
Transporte aéreo,Credito,Intercam Banco,1.9,1.9,1.9,0.0,1.9
Transporte aéreo,Credito,Banorte,1.93,1.53,2.21,0.17,1.9
Transporte aéreo,Credito,EVO,1.96,1.79,2.74,0.14,2.0
Transporte aéreo,Credito,Getnet,1.97,1.77,3.5,0.2,1.9
Transporte aéreo,Credito,Adyen,2.05,2.05,2.05,0.0,2.05
Transporte aéreo,Credito,Inbursa,2.06,1.96,2.2,0.09,1.99
Transporte aéreo,Credito,BBVA Bancomer,2.21,1.65,2.32,0.15,2.25
Transporte aéreo,Credito,Afirme,2.22,1.6,2.4,0.31,2.4
Transporte aéreo,Credito,Banregio,2.25,1.61,2.71,0.47,2.71
Transporte aéreo,Credito,Bajío,2.49,1.55,3.2,0.43,2.6
Transporte aéreo,Credito,Azteca,2.5,2.5,2.5,0.0,2.5
Transporte aéreo,Credito,Multiva,2.69,2.5,2.82,0.17,2.82
Transporte aéreo,Credito,Bzpay,2.7,2.7,2.7,0.0,2.7
Transporte aéreo,Credito,Fiserv,2.77,2.73,2.83,0.05,2.73
Transporte aéreo,Credito,EMS,3.05,2.9,3.2,0.21,3.2
Transporte aéreo,Credito,Paypal,3.1,1.95,3.65,0.63,3.65
Transporte aéreo,Credito,Espiral,3.24,2.99,3.5,0.26,2.99
Transporte aéreo,Credito,Pocket,3.41,2.1,3.5,0.34,3.5
Transporte aéreo,Credito,PayU Digicuenta,3.47,2.6,3.5,0.13,3.5
Transporte aéreo,Credito,Pago Fácil,3.5,3.5,3.5,0.0,3.5
Transporte aéreo,Credito,Sr. Pago,3.5,3.5,3.5,0.0,3.5
Transporte aéreo,Credito,Stripe,3.6,3.6,3.6,0.0,3.6
Transporte aéreo,Debito,Inbursa,1.02,1.0,1.05,0.02,1.0
Transporte aéreo,Debito,Mifel,1.05,1.05,1.05,0.0,1.05
Transporte aéreo,Debito,Intercam Banco,1.2,1.2,1.2,0.0,1.2
Transporte aéreo,Debito,BBVA Bancomer,1.26,0.75,1.35,0.16,1.35
Transporte aéreo,Debito,EVO,1.39,1.15,2.09,0.25,1.15
Transporte aéreo,Debito,Getnet,1.4,1.15,3.5,0.34,1.17
Transporte aéreo,Debito,Banorte,1.42,0.84,1.9,0.29,1.45
Transporte aéreo,Debito,Multiva,1.77,1.77,1.77,0.0,1.77
Transporte aéreo,Debito,Afirme,1.85,1.3,2.3,0.24,1.8
Transporte aéreo,Debito,Banregio,1.9,0.85,2.71,0.61,2.3
Transporte aéreo,Debito,Adyen,2.12,1.95,2.3,0.25,1.95
Transporte aéreo,Debito,Bzpay,2.13,1.66,2.6,0.54,2.6
Transporte aéreo,Debito,Fiserv,2.26,2.21,2.31,0.05,2.21
Transporte aéreo,Debito,Bajío,2.33,1.2,2.9,0.44,2.4
Transporte aéreo,Debito,Azteca,2.48,2.4,2.5,0.05,2.5
Transporte aéreo,Debito,Paypal,3.03,1.74,3.65,0.69,3.65
Transporte aéreo,Debito,EMS,3.05,2.9,3.2,0.21,3.2
Transporte aéreo,Debito,Espiral,3.24,2.99,3.5,0.26,2.99
Transporte aéreo,Debito,Pocket,3.39,1.77,3.5,0.4,3.5
Transporte aéreo,Debito,PayU Digicuenta,3.46,2.6,3.5,0.16,3.5
Transporte aéreo,Debito,Pago Fácil,3.5,3.5,3.5,0.0,3.5
Transporte aéreo,Debito,Sr. Pago,3.5,3.5,3.5,0.0,3.5
Transporte aéreo,Debito,Stripe,3.6,3.6,3.6,0.0,3.6
Ventas al detalle (Retail),Credito,Mifel,2.09,1.53,2.8,0.35,2.5
Ventas al detalle (Retail),Credito,EVO,2.13,1.76,3.0,0.2,2.13
Ventas al detalle (Retail),Credito,Getnet,2.15,1.53,3.5,0.34,2.01
Ventas al detalle (Retail),Credito,Multiva,2.16,1.53,3.14,0.42,2.5
Ventas al detalle (Retail),Credito,BBVA Bancomer,2.18,1.53,2.38,0.23,2.25
Ventas al detalle (Retail),Credito,Banorte,2.22,1.53,2.98,0.34,2.13
Ventas al detalle (Retail),Credito,Adyen,2.22,1.85,2.5,0.21,2.5
Ventas al detalle (Retail),Credito,Afirme,2.25,1.53,3.9,0.3,2.4
Ventas al detalle (Retail),Credito,Banregio,2.28,1.53,2.75,0.48,2.75
Ventas al detalle (Retail),Credito,Smart Payment,2.28,2.15,2.35,0.09,2.35
Ventas al detalle (Retail),Credito,Fiserv,2.29,1.76,3.0,0.35,2.55
Ventas al detalle (Retail),Credito,Ebanx,2.3,2.3,2.3,0.0,2.3
Ventas al detalle (Retail),Credito,Intercam Banco,2.31,1.61,3.1,0.46,1.7
Ventas al detalle (Retail),Credito,Bansí,2.4,1.65,2.5,0.24,2.5
Ventas al detalle (Retail),Credito,Autofin,2.41,1.53,3.14,0.31,2.1
Ventas al detalle (Retail),Credito,Velpay,2.48,2.05,3.0,0.29,2.5
Ventas al detalle (Retail),Credito,Bzpay,2.51,1.8,3.3,0.3,2.6
Ventas al detalle (Retail),Credito,Azteca,2.52,1.63,2.8,0.16,2.5
Ventas al detalle (Retail),Credito,Bajío,2.6,1.53,4.0,0.5,2.9
Ventas al detalle (Retail),Credito,Dlocal,2.64,2.05,3.4,0.51,2.05
Ventas al detalle (Retail),Credito,Inbursa,2.7,1.53,2.97,0.35,2.97
Ventas al detalle (Retail),Credito,Cyborgbeat,2.88,2.5,3.6,0.22,2.9
Ventas al detalle (Retail),Credito,Xaldo,2.9,2.9,2.9,0.0,2.9
Ventas al detalle (Retail),Credito,EMS,3.0,1.6,3.95,0.72,3.95
Ventas al detalle (Retail),Credito,OEL,3.16,1.9,3.6,0.52,3.6
Ventas al detalle (Retail),Credito,Mercado Pago,3.24,1.69,3.79,0.3,3.5
Ventas al detalle (Retail),Credito,Espiral,3.25,2.99,3.5,0.26,3.5
Ventas al detalle (Retail),Credito,Pago Fácil,3.4,2.5,3.5,0.27,3.5
Ventas al detalle (Retail),Credito,PayU Digicuenta,3.47,1.91,3.5,0.14,3.5
Ventas al detalle (Retail),Credito,Pocket,3.47,1.78,3.5,0.19,3.5
Ventas al detalle (Retail),Credito,Paypal,3.5,1.78,3.83,0.03,3.5
Ventas al detalle (Retail),Credito,Sr. Pago,3.5,3.5,3.5,0.0,3.5
Ventas al detalle (Retail),Debito,EVO,1.57,1.15,3.5,0.2,1.6
Ventas al detalle (Retail),Debito,BBVA Bancomer,1.59,1.15,1.75,0.2,1.75
Ventas al detalle (Retail),Debito,Getnet,1.73,1.15,3.5,0.43,1.6
Ventas al detalle (Retail),Debito,Afirme,1.77,1.15,3.15,0.27,1.8
Ventas al detalle (Retail),Debito,Banorte,1.79,1.15,2.65,0.37,2.0
Ventas al detalle (Retail),Debito,Mifel,1.85,1.15,2.5,0.46,2.5
Ventas al detalle (Retail),Debito,Autofin,1.89,1.15,2.64,0.44,1.25
Ventas al detalle (Retail),Debito,Fiserv,1.89,1.15,3.0,0.47,2.25
Ventas al detalle (Retail),Debito,Smart Payment,1.89,1.5,2.25,0.31,1.5
Ventas al detalle (Retail),Debito,Multiva,1.93,1.15,2.64,0.42,2.5
Ventas al detalle (Retail),Debito,Intercam Banco,1.99,1.17,2.9,0.49,2.5
Ventas al detalle (Retail),Debito,Banregio,2.06,1.15,2.99,0.57,2.55
Ventas al detalle (Retail),Debito,Inbursa,2.17,1.15,2.45,0.36,2.45
Ventas al detalle (Retail),Debito,Adyen,2.17,1.3,2.55,0.32,2.5
Ventas al detalle (Retail),Debito,Azteca,2.26,1.15,2.4,0.31,2.4
Ventas al detalle (Retail),Debito,Ebanx,2.3,2.3,2.3,0.0,2.3
Ventas al detalle (Retail),Debito,Bzpay,2.35,1.25,2.95,0.4,2.6
Ventas al detalle (Retail),Debito,Bansí,2.39,1.27,2.5,0.3,2.5
Ventas al detalle (Retail),Debito,Bajío,2.41,1.15,4.0,0.59,2.7
Ventas al detalle (Retail),Debito,Velpay,2.41,1.43,3.0,0.38,2.3
Ventas al detalle (Retail),Debito,Dlocal,2.43,1.39,3.4,0.64,2.05
Ventas al detalle (Retail),Debito,Paypal,2.67,1.4,3.83,0.94,3.5
Ventas al detalle (Retail),Debito,Cyborgbeat,2.88,2.5,3.6,0.22,2.9
Ventas al detalle (Retail),Debito,Xaldo,2.9,2.9,2.9,0.0,2.9
Ventas al detalle (Retail),Debito,EMS,2.9,1.2,3.95,0.81,3.95
Ventas al detalle (Retail),Debito,Mercado Pago,2.98,1.2,3.79,0.7,3.5
Ventas al detalle (Retail),Debito,OEL,3.08,1.5,3.6,0.64,3.6
Ventas al detalle (Retail),Debito,Espiral,3.25,2.99,3.5,0.26,3.5
Ventas al detalle (Retail),Debito,Pocket,3.38,1.15,3.5,0.44,3.5
Ventas al detalle (Retail),Debito,Pago Fácil,3.4,2.5,3.5,0.28,3.5
Ventas al detalle (Retail),Debito,PayU Digicuenta,3.46,1.91,3.5,0.16,3.5
Ventas al detalle (Retail),Debito,Sr. Pago,3.5,3.5,3.5,0.0,3.5
